Handle,Title,Body (HTML),Vendor,Type,Tags,Published,Option1 Name,Option1 Value,Variant SKU,Variant Inventory Tracker,Variant Inventory Qty,Variant Inventory Policy,Variant Fulfillment Service,Variant Price,Variant Compare At Price,Variant Requires Shipping,Variant Taxable,Status,Collection
red-bull-original,Red Bull Original,"<p>Red Bull Original – wie am Automaten in Aue &amp; Zwickau, online günstiger.</p><p><strong>🔥 187× diesen Monat an unseren Automaten gekauft.</strong></p><p>Gut gekühlt am besten. Pfandartikel werden zzgl. Pfand berechnet.</p>",Red Bull,Getränk,"getraenke, bestseller",TRUE,Title,Default Title,REDBULLORIGINAL,shopify,60,deny,manual,2.30,2.50,TRUE,TRUE,active,Getränke
gizeh-black-fine,Gizeh Black Fine,"<p>Gizeh Black Fine – wie am Automaten in Aue &amp; Zwickau, online günstiger.</p><p><strong>🔥 172× diesen Monat an unseren Automaten gekauft.</strong></p><p>Zubehör aus dem Kiosk-Sortiment – Papers, Filter & mehr.</p>",Gizeh,Drehzubehör,"drehzubehoer, bestseller",TRUE,Title,Default Title,GIZEHBLACKFINE,shopify,60,deny,manual,1.50,,TRUE,TRUE,active,Tabak & Drehzubehör
red-bull-white,Red Bull White,"<p>Red Bull White – wie am Automaten in Aue &amp; Zwickau, online günstiger.</p><p><strong>🔥 165× diesen Monat an unseren Automaten gekauft.</strong></p><p>Gut gekühlt am besten. Pfandartikel werden zzgl. Pfand berechnet.</p>",Red Bull,Getränk,"getraenke, bestseller",TRUE,Title,Default Title,REDBULLWHITE,shopify,60,deny,manual,2.65,2.85,TRUE,TRUE,active,Getränke
gizeh-king-size-slim,Gizeh King Size Slim,"<p>Gizeh King Size Slim – wie am Automaten in Aue &amp; Zwickau, online günstiger.</p><p><strong>🔥 117× diesen Monat an unseren Automaten gekauft.</strong></p><p>Zubehör aus dem Kiosk-Sortiment – Papers, Filter & mehr.</p>",Gizeh,Drehzubehör,"drehzubehoer, bestseller",TRUE,Title,Default Title,GIZEHKINGSIZESLIM,shopify,58,deny,manual,2.30,2.50,TRUE,TRUE,active,Tabak & Drehzubehör
ur-krostizer-0-5,"Ur-Krostizer 0,5","<p>Ur-Krostizer 0,5 – wie am Automaten in Aue &amp; Zwickau, online günstiger.</p><p><strong>🔥 110× diesen Monat an unseren Automaten gekauft.</strong></p><p>Alkoholhaltiges Getränk – Abgabe nur ab 18 Jahren. Bitte verantwortungsvoll genießen.</p>",Ur-Krostitzer,Alkoholisches Getränk,"alkohol, age_restricted, bestseller",TRUE,Title,Default Title,URKROSTIZER05,shopify,55,deny,manual,2.30,2.50,TRUE,TRUE,active,Bier & Spirituosen
monster-white,Monster White,"<p>Monster White – wie am Automaten in Aue &amp; Zwickau, online günstiger.</p><p><strong>🔥 99× diesen Monat an unseren Automaten gekauft.</strong></p><p>Gut gekühlt am besten. Pfandartikel werden zzgl. Pfand berechnet.</p>",Monster,Getränk,"getraenke, bestseller",TRUE,Title,Default Title,MONSTERWHITE,shopify,49,deny,manual,2.50,2.70,TRUE,TRUE,active,Getränke
monster-loco,Monster Loco,"<p>Monster Loco – wie am Automaten in Aue &amp; Zwickau, online günstiger.</p><p><strong>🔥 98× diesen Monat an unseren Automaten gekauft.</strong></p><p>Gut gekühlt am besten. Pfandartikel werden zzgl. Pfand berechnet.</p>",Monster,Getränk,"getraenke, bestseller",TRUE,Title,Default Title,MONSTERLOCO,shopify,49,deny,manual,2.50,2.70,TRUE,TRUE,active,Getränke
pueblo-classic,Pueblo Classic,"<p>Pueblo Classic – wie am Automaten in Aue &amp; Zwickau, online günstiger.</p><p><strong>🔥 97× diesen Monat an unseren Automaten gekauft.</strong></p><p>Rauchen fügt Ihnen und den Menschen in Ihrer Umgebung erheblichen Schaden zu. Abgabe nur ab 18 Jahren.</p>",Pueblo,Tabakware,"tabak, age_restricted, bestseller",TRUE,Title,Default Title,PUEBLOCLASSIC,shopify,48,deny,manual,6.30,6.75,TRUE,TRUE,active,Tabak & Drehzubehör
mixery-iced-blue,Mixery Iced Blue,"<p>Mixery Iced Blue – wie am Automaten in Aue &amp; Zwickau, online günstiger.</p><p><strong>🔥 95× diesen Monat an unseren Automaten gekauft.</strong></p><p>Alkoholhaltiges Getränk – Abgabe nur ab 18 Jahren. Bitte verantwortungsvoll genießen.</p>",Mixery,Alkoholisches Getränk,"alkohol, age_restricted, bestseller",TRUE,Title,Default Title,MIXERYICEDBLUE,shopify,47,deny,manual,3.00,3.20,TRUE,TRUE,active,Bier & Spirituosen
gizeh-slim-filter,Gizeh Slim Filter,"<p>Gizeh Slim Filter – wie am Automaten in Aue &amp; Zwickau, online günstiger.</p><p><strong>🔥 88× diesen Monat an unseren Automaten gekauft.</strong></p><p>Zubehör aus dem Kiosk-Sortiment – Papers, Filter & mehr.</p>",Gizeh,Drehzubehör,"drehzubehoer, bestseller",TRUE,Title,Default Title,GIZEHSLIMFILTER,shopify,44,deny,manual,1.50,,TRUE,TRUE,active,Tabak & Drehzubehör
monster-original,Monster Original,"<p>Monster Original – wie am Automaten in Aue &amp; Zwickau, online günstiger.</p><p><strong>🔥 80× diesen Monat an unseren Automaten gekauft.</strong></p><p>Gut gekühlt am besten. Pfandartikel werden zzgl. Pfand berechnet.</p>",Monster,Getränk,"getraenke, bestseller",TRUE,Title,Default Title,MONSTERORIGINAL,shopify,40,deny,manual,2.55,2.75,TRUE,TRUE,active,Getränke
siberia-white-dry-slim,Siberia White Dry Slim,"<p>Siberia White Dry Slim – wie am Automaten in Aue &amp; Zwickau, online günstiger.</p><p><strong>🔥 76× diesen Monat an unseren Automaten gekauft.</strong></p><p>Rauchen fügt Ihnen und den Menschen in Ihrer Umgebung erheblichen Schaden zu. Abgabe nur ab 18 Jahren.</p>",Siberia,Tabakware,"tabak, age_restricted, bestseller",TRUE,Title,Default Title,SIBERIAWHITEDRYSLIM,shopify,38,deny,manual,9.20,9.90,TRUE,TRUE,active,Tabak & Drehzubehör
pueblo-blau,Pueblo Blau,"<p>Pueblo Blau – wie am Automaten in Aue &amp; Zwickau, online günstiger.</p><p><strong>🔥 73× diesen Monat an unseren Automaten gekauft.</strong></p><p>Rauchen fügt Ihnen und den Menschen in Ihrer Umgebung erheblichen Schaden zu. Abgabe nur ab 18 Jahren.</p>",Pueblo,Tabakware,"tabak, age_restricted, bestseller",TRUE,Title,Default Title,PUEBLOBLAU,shopify,36,deny,manual,6.35,6.85,TRUE,TRUE,active,Tabak & Drehzubehör
desparados,Desparados,"<p>Desparados – wie am Automaten in Aue &amp; Zwickau, online günstiger.</p><p><strong>🔥 67× diesen Monat an unseren Automaten gekauft.</strong></p><p>Alkoholhaltiges Getränk – Abgabe nur ab 18 Jahren. Bitte verantwortungsvoll genießen.</p>",Desperados,Alkoholisches Getränk,"alkohol, age_restricted, bestseller",TRUE,Title,Default Title,DESPARADOS,shopify,33,deny,manual,2.30,2.50,TRUE,TRUE,active,Bier & Spirituosen
p-1g-h3bta-amnezia-haze,1g H3BTA Amnezia Haze,"<p>1g H3BTA Amnezia Haze – wie am Automaten in Aue &amp; Zwickau, online günstiger.</p><p><strong>🔥 66× diesen Monat an unseren Automaten gekauft.</strong></p><p>Abgabe nur ab 18 Jahren. Verkauf nur im rechtlich zulässigen Rahmen; Produktangaben siehe Verpackung.</p>",H3BTA,Cannabinoid-Produkt,"onlygrams, age_restricted, bestseller",TRUE,Title,Default Title,P1GH3BTAAMNEZIAHAZE,shopify,33,deny,manual,12.00,12.90,TRUE,TRUE,active,Onlygrams & H3BTA
onlygrams-peach-ice-vape,Onlygrams Peach Ice Vape,"<p>Onlygrams Peach Ice Vape – wie am Automaten in Aue &amp; Zwickau, online günstiger.</p><p><strong>🔥 64× diesen Monat an unseren Automaten gekauft.</strong></p><p>Abgabe nur ab 18 Jahren. Verkauf nur im rechtlich zulässigen Rahmen; Produktangaben siehe Verpackung.</p>",OnlyGrams,Cannabinoid-Produkt,"onlygrams, age_restricted, bestseller",TRUE,Title,Default Title,ONLYGRAMSPEACHICEVAP,shopify,32,deny,manual,27.55,29.65,TRUE,TRUE,active,Onlygrams & H3BTA
coca-cola,Coca Cola,"<p>Coca Cola – wie am Automaten in Aue &amp; Zwickau, online günstiger.</p><p><strong>🔥 58× diesen Monat an unseren Automaten gekauft.</strong></p><p>Gut gekühlt am besten. Pfandartikel werden zzgl. Pfand berechnet.</p>",Coca-Cola,Getränk,"getraenke, bestseller",TRUE,Title,Default Title,COCACOLA,shopify,29,deny,manual,2.05,2.20,TRUE,TRUE,active,Getränke
gizeh-xl-slim-filter,Gizeh XL Slim Filter,"<p>Gizeh XL Slim Filter – wie am Automaten in Aue &amp; Zwickau, online günstiger.</p><p><strong>🔥 57× diesen Monat an unseren Automaten gekauft.</strong></p><p>Zubehör aus dem Kiosk-Sortiment – Papers, Filter & mehr.</p>",Gizeh,Drehzubehör,"drehzubehoer, bestseller",TRUE,Title,Default Title,GIZEHXLSLIMFILTER,shopify,28,deny,manual,1.50,,TRUE,TRUE,active,Tabak & Drehzubehör
red-bull-ice-edition,Red Bull Ice Edition,"<p>Red Bull Ice Edition – wie am Automaten in Aue &amp; Zwickau, online günstiger.</p><p><strong>🔥 56× diesen Monat an unseren Automaten gekauft.</strong></p><p>Gut gekühlt am besten. Pfandartikel werden zzgl. Pfand berechnet.</p>",Red Bull,Getränk,"getraenke, bestseller",TRUE,Title,Default Title,REDBULLICEEDITION,shopify,28,deny,manual,3.55,3.80,TRUE,TRUE,active,Getränke
krombacher,Krombacher,"<p>Krombacher – wie am Automaten in Aue &amp; Zwickau, online günstiger.</p><p><strong>🔥 54× diesen Monat an unseren Automaten gekauft.</strong></p><p>Alkoholhaltiges Getränk – Abgabe nur ab 18 Jahren. Bitte verantwortungsvoll genießen.</p>",Krombacher,Alkoholisches Getränk,"alkohol, age_restricted, bestseller",TRUE,Title,Default Title,KROMBACHER,shopify,27,deny,manual,2.70,2.90,TRUE,TRUE,active,Bier & Spirituosen
paulaner-spezi,Paulaner Spezi,"<p>Paulaner Spezi – wie am Automaten in Aue &amp; Zwickau, online günstiger.</p><p><strong>🔥 54× diesen Monat an unseren Automaten gekauft.</strong></p><p>Gut gekühlt am besten. Pfandartikel werden zzgl. Pfand berechnet.</p>",Paulaner,Getränk,"getraenke, bestseller",TRUE,Title,Default Title,PAULANERSPEZI,shopify,27,deny,manual,1.85,2.00,TRUE,TRUE,active,Getränke
heineken,Heineken,"<p>Heineken – wie am Automaten in Aue &amp; Zwickau, online günstiger.</p><p><strong>🔥 53× diesen Monat an unseren Automaten gekauft.</strong></p><p>Alkoholhaltiges Getränk – Abgabe nur ab 18 Jahren. Bitte verantwortungsvoll genießen.</p>",Heineken,Alkoholisches Getränk,"alkohol, age_restricted, bestseller",TRUE,Title,Default Title,HEINEKEN,shopify,26,deny,manual,2.70,2.90,TRUE,TRUE,active,Bier & Spirituosen
capri-sonne-cherry-pomerade,Capri Sonne Cherry Pomerade,"<p>Capri Sonne Cherry Pomerade – wie am Automaten in Aue &amp; Zwickau, online günstiger.</p><p><strong>🔥 52× diesen Monat an unseren Automaten gekauft.</strong></p><p>Gut gekühlt am besten. Pfandartikel werden zzgl. Pfand berechnet.</p>",Capri-Sun,Getränk,"getraenke, bestseller",TRUE,Title,Default Title,CAPRISONNECHERRYPOME,shopify,26,deny,manual,1.85,2.00,TRUE,TRUE,active,Getränke
p-1g-h3bta-lemon-haze,1g H3BTA Lemon Haze,"<p>1g H3BTA Lemon Haze – wie am Automaten in Aue &amp; Zwickau, online günstiger.</p><p><strong>🔥 52× diesen Monat an unseren Automaten gekauft.</strong></p><p>Abgabe nur ab 18 Jahren. Verkauf nur im rechtlich zulässigen Rahmen; Produktangaben siehe Verpackung.</p>",H3BTA,Cannabinoid-Produkt,"onlygrams, age_restricted, bestseller",TRUE,Title,Default Title,P1GH3BTALEMONHAZE,shopify,26,deny,manual,12.00,12.90,TRUE,TRUE,active,Onlygrams & H3BTA
american-spirit-blue,American Spirit Blue,"<p>American Spirit Blue – wie am Automaten in Aue &amp; Zwickau, online günstiger.</p><p><strong>🔥 51× diesen Monat an unseren Automaten gekauft.</strong></p><p>Rauchen fügt Ihnen und den Menschen in Ihrer Umgebung erheblichen Schaden zu. Abgabe nur ab 18 Jahren.</p>",American Spirit,Tabakware,"tabak, age_restricted, bestseller",TRUE,Title,Default Title,AMERICANSPIRITBLUE,shopify,25,deny,manual,5.85,6.30,TRUE,TRUE,active,Tabak & Drehzubehör
powerade-blue-original,Powerade Blue Original,"<p>Powerade Blue Original – wie am Automaten in Aue &amp; Zwickau, online günstiger.</p><p><strong>🔥 50× diesen Monat an unseren Automaten gekauft.</strong></p><p>Gut gekühlt am besten. Pfandartikel werden zzgl. Pfand berechnet.</p>",Powerade,Getränk,getraenke,TRUE,Title,Default Title,POWERADEBLUEORIGINAL,shopify,25,deny,manual,2.25,2.40,TRUE,TRUE,active,Getränke
goenrgy-cherry-cola,Gönrgy Cherry Cola,"<p>Gönrgy Cherry Cola – wie am Automaten in Aue &amp; Zwickau, online günstiger.</p><p><strong>🔥 47× diesen Monat an unseren Automaten gekauft.</strong></p><p>Gut gekühlt am besten. Pfandartikel werden zzgl. Pfand berechnet.</p>",Gönrgy,Getränk,getraenke,TRUE,Title,Default Title,GOENRGYCHERRYCOLA,shopify,23,deny,manual,2.50,2.70,TRUE,TRUE,active,Getränke
somersby-blackberry,Somersby Blackberry,"<p>Somersby Blackberry – wie am Automaten in Aue &amp; Zwickau, online günstiger.</p><p><strong>🔥 44× diesen Monat an unseren Automaten gekauft.</strong></p><p>Alkoholhaltiges Getränk – Abgabe nur ab 18 Jahren. Bitte verantwortungsvoll genießen.</p>",Somersby,Alkoholisches Getränk,"alkohol, age_restricted",TRUE,Title,Default Title,SOMERSBYBLACKBERRY,shopify,22,deny,manual,1.85,2.00,TRUE,TRUE,active,Bier & Spirituosen
durstloescher-pfirsich,Durstlöscher Pfirsich,"<p>Durstlöscher Pfirsich – wie am Automaten in Aue &amp; Zwickau, online günstiger.</p><p><strong>🔥 43× diesen Monat an unseren Automaten gekauft.</strong></p><p>Gut gekühlt am besten. Pfandartikel werden zzgl. Pfand berechnet.</p>",Durstlöscher,Getränk,getraenke,TRUE,Title,Default Title,DURSTLOESCHERPFIRSIC,shopify,21,deny,manual,1.85,2.00,TRUE,TRUE,active,Getränke
red-bull-sea-blue,Red Bull Sea Blue,"<p>Red Bull Sea Blue – wie am Automaten in Aue &amp; Zwickau, online günstiger.</p><p><strong>🔥 43× diesen Monat an unseren Automaten gekauft.</strong></p><p>Gut gekühlt am besten. Pfandartikel werden zzgl. Pfand berechnet.</p>",Red Bull,Getränk,getraenke,TRUE,Title,Default Title,REDBULLSEABLUE,shopify,21,deny,manual,2.60,2.80,TRUE,TRUE,active,Getränke
red-bull-purple,Red Bull Purple,"<p>Red Bull Purple – wie am Automaten in Aue &amp; Zwickau, online günstiger.</p><p><strong>🔥 43× diesen Monat an unseren Automaten gekauft.</strong></p><p>Gut gekühlt am besten. Pfandartikel werden zzgl. Pfand berechnet.</p>",Red Bull,Getränk,getraenke,TRUE,Title,Default Title,REDBULLPURPLE,shopify,21,deny,manual,3.55,3.80,TRUE,TRUE,active,Getränke
buldak-hot-carbonara,Buldak Hot Carbonara,"<p>Buldak Hot Carbonara – wie am Automaten in Aue &amp; Zwickau, online günstiger.</p><p><strong>🔥 42× diesen Monat an unseren Automaten gekauft.</strong></p><p>Der Snack für zwischendurch – direkt aus dem Kiosk-Sortiment.</p>",Samyang,Snack,snacks,TRUE,Title,Default Title,BULDAKHOTCARBONARA,shopify,21,deny,manual,2.30,2.50,TRUE,TRUE,active,Snacks & Sweets
red-bull-yellow-edition,Red Bull Yellow Edition,"<p>Red Bull Yellow Edition – wie am Automaten in Aue &amp; Zwickau, online günstiger.</p><p><strong>🔥 42× diesen Monat an unseren Automaten gekauft.</strong></p><p>Gut gekühlt am besten. Pfandartikel werden zzgl. Pfand berechnet.</p>",Red Bull,Getränk,getraenke,TRUE,Title,Default Title,REDBULLYELLOWEDITION,shopify,21,deny,manual,2.30,2.50,TRUE,TRUE,active,Getränke
vio-still,Vio Still,"<p>Vio Still – wie am Automaten in Aue &amp; Zwickau, online günstiger.</p><p><strong>🔥 42× diesen Monat an unseren Automaten gekauft.</strong></p><p>Gut gekühlt am besten. Pfandartikel werden zzgl. Pfand berechnet.</p>",Vio,Getränk,getraenke,TRUE,Title,Default Title,VIOSTILL,shopify,21,deny,manual,1.85,2.00,TRUE,TRUE,active,Getränke
p-1g-h3bta-gelato-haze,1g H3BTA Gelato Haze,"<p>1g H3BTA Gelato Haze – wie am Automaten in Aue &amp; Zwickau, online günstiger.</p><p><strong>🔥 41× diesen Monat an unseren Automaten gekauft.</strong></p><p>Abgabe nur ab 18 Jahren. Verkauf nur im rechtlich zulässigen Rahmen; Produktangaben siehe Verpackung.</p>",H3BTA,Cannabinoid-Produkt,"onlygrams, age_restricted",TRUE,Title,Default Title,P1GH3BTAGELATOHAZE,shopify,20,deny,manual,12.00,12.90,TRUE,TRUE,active,Onlygrams & H3BTA
active-o2-apfel-kiwi,Active O2 Apfel Kiwi,"<p>Active O2 Apfel Kiwi – wie am Automaten in Aue &amp; Zwickau, online günstiger.</p><p><strong>🔥 41× diesen Monat an unseren Automaten gekauft.</strong></p><p>Gut gekühlt am besten. Pfandartikel werden zzgl. Pfand berechnet.</p>",Active O2,Getränk,getraenke,TRUE,Title,Default Title,ACTIVEO2APFELKIWI,shopify,20,deny,manual,2.30,2.50,TRUE,TRUE,active,Getränke
marlboro-rot-drehtabak,Marlboro Rot Drehtabak,"<p>Marlboro Rot Drehtabak – wie am Automaten in Aue &amp; Zwickau, online günstiger.</p><p><strong>🔥 40× diesen Monat an unseren Automaten gekauft.</strong></p><p>Rauchen fügt Ihnen und den Menschen in Ihrer Umgebung erheblichen Schaden zu. Abgabe nur ab 18 Jahren.</p>",Marlboro,Tabakware,"tabak, age_restricted",TRUE,Title,Default Title,MARLBOROROTDREHTABAK,shopify,20,deny,manual,7.45,8.00,TRUE,TRUE,active,Tabak & Drehzubehör
jack-daniels-coca-cola,Jack Daniels Coca Cola,"<p>Jack Daniels Coca Cola – wie am Automaten in Aue &amp; Zwickau, online günstiger.</p><p><strong>🔥 38× diesen Monat an unseren Automaten gekauft.</strong></p><p>Alkoholhaltiges Getränk – Abgabe nur ab 18 Jahren. Bitte verantwortungsvoll genießen.</p>",Coca-Cola,Alkoholisches Getränk,"alkohol, age_restricted",TRUE,Title,Default Title,JACKDANIELSCOCACOLA,shopify,19,deny,manual,3.65,3.90,TRUE,TRUE,active,Bier & Spirituosen
capri-sonne-mango-maracuja,Capri Sonne Mango Maracuja,"<p>Capri Sonne Mango Maracuja – wie am Automaten in Aue &amp; Zwickau, online günstiger.</p><p><strong>🔥 37× diesen Monat an unseren Automaten gekauft.</strong></p><p>Gut gekühlt am besten. Pfandartikel werden zzgl. Pfand berechnet.</p>",Capri-Sun,Getränk,getraenke,TRUE,Title,Default Title,CAPRISONNEMANGOMARAC,shopify,18,deny,manual,1.85,2.00,TRUE,TRUE,active,Getränke
milka-cookies,Milka Cookies,"<p>Milka Cookies – wie am Automaten in Aue &amp; Zwickau, online günstiger.</p><p><strong>🔥 36× diesen Monat an unseren Automaten gekauft.</strong></p><p>Der Snack für zwischendurch – direkt aus dem Kiosk-Sortiment.</p>",Milka,Snack,snacks,TRUE,Title,Default Title,MILKACOOKIES,shopify,18,deny,manual,2.65,2.85,TRUE,TRUE,active,Snacks & Sweets
dr-pepper,Dr. Pepper,"<p>Dr. Pepper – wie am Automaten in Aue &amp; Zwickau, online günstiger.</p><p><strong>🔥 36× diesen Monat an unseren Automaten gekauft.</strong></p><p>Gut gekühlt am besten. Pfandartikel werden zzgl. Pfand berechnet.</p>",Dr Pepper,Getränk,getraenke,TRUE,Title,Default Title,DRPEPPER,shopify,18,deny,manual,1.85,2.00,TRUE,TRUE,active,Getränke
active-o2-cherry,Active O2 Cherry,"<p>Active O2 Cherry – wie am Automaten in Aue &amp; Zwickau, online günstiger.</p><p><strong>🔥 36× diesen Monat an unseren Automaten gekauft.</strong></p><p>Gut gekühlt am besten. Pfandartikel werden zzgl. Pfand berechnet.</p>",Active O2,Getränk,getraenke,TRUE,Title,Default Title,ACTIVEO2CHERRY,shopify,18,deny,manual,2.30,2.50,TRUE,TRUE,active,Getränke
active-o2-iced-berry,Active O2 Iced Berry,"<p>Active O2 Iced Berry – wie am Automaten in Aue &amp; Zwickau, online günstiger.</p><p><strong>🔥 35× diesen Monat an unseren Automaten gekauft.</strong></p><p>Gut gekühlt am besten. Pfandartikel werden zzgl. Pfand berechnet.</p>",Active O2,Getränk,getraenke,TRUE,Title,Default Title,ACTIVEO2ICEDBERRY,shopify,17,deny,manual,2.30,2.50,TRUE,TRUE,active,Getränke
red-bull-blue,Red Bull Blue,"<p>Red Bull Blue – wie am Automaten in Aue &amp; Zwickau, online günstiger.</p><p><strong>🔥 35× diesen Monat an unseren Automaten gekauft.</strong></p><p>Gut gekühlt am besten. Pfandartikel werden zzgl. Pfand berechnet.</p>",Red Bull,Getränk,getraenke,TRUE,Title,Default Title,REDBULLBLUE,shopify,17,deny,manual,2.60,2.80,TRUE,TRUE,active,Getränke
durstloescher-maracuja-vanille,Durstlöscher Maracuja Vanille,"<p>Durstlöscher Maracuja Vanille – wie am Automaten in Aue &amp; Zwickau, online günstiger.</p><p><strong>🔥 34× diesen Monat an unseren Automaten gekauft.</strong></p><p>Gut gekühlt am besten. Pfandartikel werden zzgl. Pfand berechnet.</p>",Durstlöscher,Getränk,getraenke,TRUE,Title,Default Title,DURSTLOESCHERMARACUJ,shopify,17,deny,manual,1.85,2.00,TRUE,TRUE,active,Getränke
red-bull-apricot,Red Bull Apricot,"<p>Red Bull Apricot – wie am Automaten in Aue &amp; Zwickau, online günstiger.</p><p><strong>🔥 34× diesen Monat an unseren Automaten gekauft.</strong></p><p>Gut gekühlt am besten. Pfandartikel werden zzgl. Pfand berechnet.</p>",Red Bull,Getränk,getraenke,TRUE,Title,Default Title,REDBULLAPRICOT,shopify,17,deny,manual,2.60,2.80,TRUE,TRUE,active,Getränke
goenrgy-boost-berries,Gönrgy Boost Berries,"<p>Gönrgy Boost Berries – wie am Automaten in Aue &amp; Zwickau, online günstiger.</p><p><strong>🔥 34× diesen Monat an unseren Automaten gekauft.</strong></p><p>Gut gekühlt am besten. Pfandartikel werden zzgl. Pfand berechnet.</p>",Gönrgy,Getränk,getraenke,TRUE,Title,Default Title,GOENRGYBOOSTBERRIES,shopify,17,deny,manual,2.50,2.70,TRUE,TRUE,active,Getränke
vita-cola,Vita Cola,"<p>Vita Cola – wie am Automaten in Aue &amp; Zwickau, online günstiger.</p><p><strong>🔥 33× diesen Monat an unseren Automaten gekauft.</strong></p><p>Gut gekühlt am besten. Pfandartikel werden zzgl. Pfand berechnet.</p>",Vita Cola,Getränk,getraenke,TRUE,Title,Default Title,VITACOLA,shopify,16,deny,manual,2.05,2.20,TRUE,TRUE,active,Getränke
p-1g-h3ba-blackberry-kush,1g H3BA Blackberry Kush,"<p>1g H3BA Blackberry Kush – wie am Automaten in Aue &amp; Zwickau, online günstiger.</p><p><strong>🔥 33× diesen Monat an unseren Automaten gekauft.</strong></p><p>Abgabe nur ab 18 Jahren. Verkauf nur im rechtlich zulässigen Rahmen; Produktangaben siehe Verpackung.</p>",H3BTA,Cannabinoid-Produkt,"onlygrams, age_restricted",TRUE,Title,Default Title,P1GH3BABLACKBERRYKUS,shopify,16,deny,manual,11.95,12.85,TRUE,TRUE,active,Onlygrams & H3BTA
p-10eur-neuware-pack,10€ Neuware Pack,"<p>10€ Neuware Pack – wie am Automaten in Aue &amp; Zwickau, online günstiger.</p><p><strong>🔥 32× diesen Monat an unseren Automaten gekauft.</strong></p><p>Überraschungsinhalt – genau das ist der Spaß. Widerrufsrecht bleibt unberührt.</p>",24SEVEN,Mystery Pack,mystery,TRUE,Title,Default Title,P10EURNEUWAREPACK,shopify,16,deny,manual,11.00,11.85,TRUE,TRUE,active,Mystery Packs
powerade-red,Powerade Red,"<p>Powerade Red – wie am Automaten in Aue &amp; Zwickau, online günstiger.</p><p><strong>🔥 31× diesen Monat an unseren Automaten gekauft.</strong></p><p>Gut gekühlt am besten. Pfandartikel werden zzgl. Pfand berechnet.</p>",Powerade,Getränk,getraenke,TRUE,Title,Default Title,POWERADERED,shopify,15,deny,manual,2.25,2.40,TRUE,TRUE,active,Getränke
capri-sonne-mulitvitamin,Capri Sonne Mulitvitamin,"<p>Capri Sonne Mulitvitamin – wie am Automaten in Aue &amp; Zwickau, online günstiger.</p><p><strong>🔥 31× diesen Monat an unseren Automaten gekauft.</strong></p><p>Gut gekühlt am besten. Pfandartikel werden zzgl. Pfand berechnet.</p>",Capri-Sun,Getränk,getraenke,TRUE,Title,Default Title,CAPRISONNEMULITVITAM,shopify,15,deny,manual,1.85,2.00,TRUE,TRUE,active,Getränke
coca-cola-zero,Coca Cola Zero,"<p>Coca Cola Zero – wie am Automaten in Aue &amp; Zwickau, online günstiger.</p><p><strong>🔥 31× diesen Monat an unseren Automaten gekauft.</strong></p><p>Gut gekühlt am besten. Pfandartikel werden zzgl. Pfand berechnet.</p>",Coca-Cola,Getränk,getraenke,TRUE,Title,Default Title,COCACOLAZERO,shopify,15,deny,manual,2.05,2.20,TRUE,TRUE,active,Getränke
doritos-nacho,Doritos Nacho,"<p>Doritos Nacho – wie am Automaten in Aue &amp; Zwickau, online günstiger.</p><p><strong>🔥 30× diesen Monat an unseren Automaten gekauft.</strong></p><p>Der Snack für zwischendurch – direkt aus dem Kiosk-Sortiment.</p>",Doritos,Snack,snacks,TRUE,Title,Default Title,DORITOSNACHO,shopify,15,deny,manual,2.30,2.50,TRUE,TRUE,active,Snacks & Sweets
active-o2-lemon,Active O2 Lemon,"<p>Active O2 Lemon – wie am Automaten in Aue &amp; Zwickau, online günstiger.</p><p><strong>🔥 30× diesen Monat an unseren Automaten gekauft.</strong></p><p>Gut gekühlt am besten. Pfandartikel werden zzgl. Pfand berechnet.</p>",Active O2,Getränk,getraenke,TRUE,Title,Default Title,ACTIVEO2LEMON,shopify,15,deny,manual,2.30,2.50,TRUE,TRUE,active,Getränke
trolli-saure-wuermer,Trolli Saure Würmer,"<p>Trolli Saure Würmer – wie am Automaten in Aue &amp; Zwickau, online günstiger.</p><p><strong>🔥 30× diesen Monat an unseren Automaten gekauft.</strong></p><p>Der Snack für zwischendurch – direkt aus dem Kiosk-Sortiment.</p>",Trolli,Snack,snacks,TRUE,Title,Default Title,TROLLISAUREWUERMER,shopify,15,deny,manual,1.85,2.00,TRUE,TRUE,active,Snacks & Sweets
randm-dr-blue-liquid,RandM Dr. Blue Liquid,"<p>RandM Dr. Blue Liquid – wie am Automaten in Aue &amp; Zwickau, online günstiger.</p><p>TPD2-konform. Dieses Produkt kann Nikotin enthalten: einen Stoff, der abhängig macht. Abgabe nur ab 18 Jahren. Batteriehinweise siehe Batteriegesetz-Seite.</p>",RandM / Fumot,Vape,"vape, nikotin, age_restricted",TRUE,Title,Default Title,RANDMDRBLUELIQUID,shopify,14,deny,manual,11.10,11.95,TRUE,TRUE,active,Vapes & Liquids
bueno-white,Bueno White,"<p>Bueno White – wie am Automaten in Aue &amp; Zwickau, online günstiger.</p><p>Der Snack für zwischendurch – direkt aus dem Kiosk-Sortiment.</p>",Ferrero,Snack,snacks,TRUE,Title,Default Title,BUENOWHITE,shopify,14,deny,manual,1.50,,TRUE,TRUE,active,Snacks & Sweets
volvic-0-5l,"Volvic 0,5l","<p>Volvic 0,5l – wie am Automaten in Aue &amp; Zwickau, online günstiger.</p><p>Gut gekühlt am besten. Pfandartikel werden zzgl. Pfand berechnet.</p>",Volvic,Getränk,getraenke,TRUE,Title,Default Title,VOLVIC05L,shopify,13,deny,manual,2.30,2.45,TRUE,TRUE,active,Getränke
kilogrammes-thx-1-5g,"Kilogrammes THX 1,5g","<p>Kilogrammes THX 1,5g – wie am Automaten in Aue &amp; Zwickau, online günstiger.</p><p>Abgabe nur ab 18 Jahren. Verkauf nur im rechtlich zulässigen Rahmen; Produktangaben siehe Verpackung.</p>",Kilogrammes,Cannabinoid-Produkt,"onlygrams, age_restricted",TRUE,Title,Default Title,KILOGRAMMESTHX15G,shopify,13,deny,manual,13.85,14.90,TRUE,TRUE,active,Onlygrams & H3BTA
active-o2-himberry-cranberry,Active O2 Himberry Cranberry,"<p>Active O2 Himberry Cranberry – wie am Automaten in Aue &amp; Zwickau, online günstiger.</p><p>Gut gekühlt am besten. Pfandartikel werden zzgl. Pfand berechnet.</p>",Active O2,Getränk,getraenke,TRUE,Title,Default Title,ACTIVEO2HIMBERRYCRAN,shopify,13,deny,manual,2.30,2.50,TRUE,TRUE,active,Getränke
p-7days-corissant-vanille-schoko,7Days Corissant Vanille Schoko,"<p>7Days Corissant Vanille Schoko – wie am Automaten in Aue &amp; Zwickau, online günstiger.</p><p>Der Snack für zwischendurch – direkt aus dem Kiosk-Sortiment.</p>",7Days,Snack,snacks,TRUE,Title,Default Title,P7DAYSCORISSANTVANIL,shopify,13,deny,manual,1.85,2.00,TRUE,TRUE,active,Snacks & Sweets
three-sixty-energy,Three Sixty Energy,"<p>Three Sixty Energy – wie am Automaten in Aue &amp; Zwickau, online günstiger.</p><p>Alkoholhaltiges Getränk – Abgabe nur ab 18 Jahren. Bitte verantwortungsvoll genießen.</p>",Three Sixty,Alkoholisches Getränk,"alkohol, age_restricted",TRUE,Title,Default Title,THREESIXTYENERGY,shopify,13,deny,manual,3.50,3.75,TRUE,TRUE,active,Bier & Spirituosen
red-bull-green-import,Red Bull Green Import,"<p>Red Bull Green Import – wie am Automaten in Aue &amp; Zwickau, online günstiger.</p><p>Gut gekühlt am besten. Pfandartikel werden zzgl. Pfand berechnet.</p>",Red Bull,Getränk,getraenke,TRUE,Title,Default Title,REDBULLGREENIMPORT,shopify,13,deny,manual,3.55,3.80,TRUE,TRUE,active,Getränke
mogumogu-mango,MoguMogu Mango,"<p>MoguMogu Mango – wie am Automaten in Aue &amp; Zwickau, online günstiger.</p><p>Gut gekühlt am besten. Pfandartikel werden zzgl. Pfand berechnet.</p>",Mogu Mogu,Getränk,getraenke,TRUE,Title,Default Title,MOGUMOGUMANGO,shopify,13,deny,manual,2.50,2.70,TRUE,TRUE,active,Getränke
pablo-gold,Pablo Gold,"<p>Pablo Gold – wie am Automaten in Aue &amp; Zwickau, online günstiger.</p><p>Rauchen fügt Ihnen und den Menschen in Ihrer Umgebung erheblichen Schaden zu. Abgabe nur ab 18 Jahren.</p>",Pablo,Tabakware,"tabak, age_restricted",TRUE,Title,Default Title,PABLOGOLD,shopify,12,deny,manual,9.20,9.90,TRUE,TRUE,active,Tabak & Drehzubehör
capri-sonne-orange-peach,Capri Sonne Orange Peach,"<p>Capri Sonne Orange Peach – wie am Automaten in Aue &amp; Zwickau, online günstiger.</p><p>Gut gekühlt am besten. Pfandartikel werden zzgl. Pfand berechnet.</p>",Capri-Sun,Getränk,getraenke,TRUE,Title,Default Title,CAPRISONNEORANGEPEAC,shopify,12,deny,manual,1.85,2.00,TRUE,TRUE,active,Getränke
milka-coco-brookie,Milka Coco Brookie,"<p>Milka Coco Brookie – wie am Automaten in Aue &amp; Zwickau, online günstiger.</p><p>Der Snack für zwischendurch – direkt aus dem Kiosk-Sortiment.</p>",Milka,Snack,snacks,TRUE,Title,Default Title,MILKACOCOBROOKIE,shopify,12,deny,manual,4.20,4.50,TRUE,TRUE,active,Snacks & Sweets
elfbar-refillable-turbo,Elfbar Refillable Turbo,"<p>Elfbar Refillable Turbo – wie am Automaten in Aue &amp; Zwickau, online günstiger.</p><p>TPD2-konform. Dieses Produkt kann Nikotin enthalten: einen Stoff, der abhängig macht. Abgabe nur ab 18 Jahren. Batteriehinweise siehe Batteriegesetz-Seite.</p>",Elf Bar,Vape,"vape, nikotin, age_restricted",TRUE,Title,Default Title,ELFBARREFILLABLETURB,shopify,12,deny,manual,9.20,9.90,TRUE,TRUE,active,Vapes & Liquids
durstloescher-mango,Durstlöscher Mango,"<p>Durstlöscher Mango – wie am Automaten in Aue &amp; Zwickau, online günstiger.</p><p>Gut gekühlt am besten. Pfandartikel werden zzgl. Pfand berechnet.</p>",Durstlöscher,Getränk,getraenke,TRUE,Title,Default Title,DURSTLOESCHERMANGO,shopify,12,deny,manual,1.85,2.00,TRUE,TRUE,active,Getränke
p-15eur-neuware-pack,15€ Neuware Pack,"<p>15€ Neuware Pack – wie am Automaten in Aue &amp; Zwickau, online günstiger.</p><p>Überraschungsinhalt – genau das ist der Spaß. Widerrufsrecht bleibt unberührt.</p>",24SEVEN,Mystery Pack,mystery,TRUE,Title,Default Title,P15EURNEUWAREPACK,shopify,12,deny,manual,13.95,15.00,TRUE,TRUE,active,Mystery Packs
sternburg-export,Sternburg Export,"<p>Sternburg Export – wie am Automaten in Aue &amp; Zwickau, online günstiger.</p><p>Alkoholhaltiges Getränk – Abgabe nur ab 18 Jahren. Bitte verantwortungsvoll genießen.</p>",Sternburg,Alkoholisches Getränk,"alkohol, age_restricted",TRUE,Title,Default Title,STERNBURGEXPORT,shopify,12,deny,manual,2.05,2.20,TRUE,TRUE,active,Bier & Spirituosen
buldak-hot-cheese,Buldak Hot Cheese,"<p>Buldak Hot Cheese – wie am Automaten in Aue &amp; Zwickau, online günstiger.</p><p>Der Snack für zwischendurch – direkt aus dem Kiosk-Sortiment.</p>",Samyang,Snack,snacks,TRUE,Title,Default Title,BULDAKHOTCHEESE,shopify,12,deny,manual,2.30,2.50,TRUE,TRUE,active,Snacks & Sweets
lachgummies-cola,Lachgummies Cola,"<p>Lachgummies Cola – wie am Automaten in Aue &amp; Zwickau, online günstiger.</p><p>Der Snack für zwischendurch – direkt aus dem Kiosk-Sortiment.</p>",Lachgummies,Snack,snacks,TRUE,Title,Default Title,LACHGUMMIESCOLA,shopify,12,deny,manual,1.85,2.00,TRUE,TRUE,active,Snacks & Sweets
fuze-tea-pfirisch,Fuze Tea Pfirisch,"<p>Fuze Tea Pfirisch – wie am Automaten in Aue &amp; Zwickau, online günstiger.</p><p>Gut gekühlt am besten. Pfandartikel werden zzgl. Pfand berechnet.</p>",Fuze Tea,Getränk,getraenke,TRUE,Title,Default Title,FUZETEAPFIRISCH,shopify,11,deny,manual,2.25,2.40,TRUE,TRUE,active,Getränke
twix-2er,Twix 2er,"<p>Twix 2er – wie am Automaten in Aue &amp; Zwickau, online günstiger.</p><p>Der Snack für zwischendurch – direkt aus dem Kiosk-Sortiment.</p>",Twix,Snack,snacks,TRUE,Title,Default Title,TWIX2ER,shopify,11,deny,manual,1.50,,TRUE,TRUE,active,Snacks & Sweets
doritos-sweetpepper,Doritos SweetPepper,"<p>Doritos SweetPepper – wie am Automaten in Aue &amp; Zwickau, online günstiger.</p><p>Der Snack für zwischendurch – direkt aus dem Kiosk-Sortiment.</p>",Doritos,Snack,snacks,TRUE,Title,Default Title,DORITOSSWEETPEPPER,shopify,11,deny,manual,2.30,2.50,TRUE,TRUE,active,Snacks & Sweets
elfbar-master-black-knight,Elfbar Master Black Knight,"<p>Elfbar Master Black Knight – wie am Automaten in Aue &amp; Zwickau, online günstiger.</p><p>TPD2-konform. Dieses Produkt kann Nikotin enthalten: einen Stoff, der abhängig macht. Abgabe nur ab 18 Jahren. Batteriehinweise siehe Batteriegesetz-Seite.</p>",Elf Bar,Vape,"vape, nikotin, age_restricted",TRUE,Title,Default Title,ELFBARMASTERBLACKKNI,shopify,11,deny,manual,13.85,14.90,TRUE,TRUE,active,Vapes & Liquids
manner,Manner,"<p>Manner – wie am Automaten in Aue &amp; Zwickau, online günstiger.</p><p>Der Snack für zwischendurch – direkt aus dem Kiosk-Sortiment.</p>",Manner,Snack,snacks,TRUE,Title,Default Title,MANNER,shopify,11,deny,manual,1.40,,TRUE,TRUE,active,Snacks & Sweets
lipton-sparkling-zitrone,Lipton Sparkling Zitrone,"<p>Lipton Sparkling Zitrone – wie am Automaten in Aue &amp; Zwickau, online günstiger.</p><p>Gut gekühlt am besten. Pfandartikel werden zzgl. Pfand berechnet.</p>",Lipton,Getränk,getraenke,TRUE,Title,Default Title,LIPTONSPARKLINGZITRO,shopify,11,deny,manual,2.30,2.45,TRUE,TRUE,active,Getränke
vio-spritzig,Vio Spritzig,"<p>Vio Spritzig – wie am Automaten in Aue &amp; Zwickau, online günstiger.</p><p>Gut gekühlt am besten. Pfandartikel werden zzgl. Pfand berechnet.</p>",Vio,Getränk,getraenke,TRUE,Title,Default Title,VIOSPRITZIG,shopify,11,deny,manual,1.85,2.00,TRUE,TRUE,active,Getränke
american-spirit-yellow,American Spirit Yellow,"<p>American Spirit Yellow – wie am Automaten in Aue &amp; Zwickau, online günstiger.</p><p>Rauchen fügt Ihnen und den Menschen in Ihrer Umgebung erheblichen Schaden zu. Abgabe nur ab 18 Jahren.</p>",American Spirit,Tabakware,"tabak, age_restricted",TRUE,Title,Default Title,AMERICANSPIRITYELLOW,shopify,11,deny,manual,5.85,6.30,TRUE,TRUE,active,Tabak & Drehzubehör
sprite,Sprite,"<p>Sprite – wie am Automaten in Aue &amp; Zwickau, online günstiger.</p><p>Gut gekühlt am besten. Pfandartikel werden zzgl. Pfand berechnet.</p>",Sprite,Getränk,getraenke,TRUE,Title,Default Title,SPRITE,shopify,11,deny,manual,2.05,2.20,TRUE,TRUE,active,Getränke
red-bull-peach-import,Red Bull Peach Import,"<p>Red Bull Peach Import – wie am Automaten in Aue &amp; Zwickau, online günstiger.</p><p>Gut gekühlt am besten. Pfandartikel werden zzgl. Pfand berechnet.</p>",Red Bull,Getränk,getraenke,TRUE,Title,Default Title,REDBULLPEACHIMPORT,shopify,11,deny,manual,2.55,2.75,TRUE,TRUE,active,Getränke
randm-dragonfruit-aloe-freeze-liquid,RandM Dragonfruit Aloe Freeze Liquid,"<p>RandM Dragonfruit Aloe Freeze Liquid – wie am Automaten in Aue &amp; Zwickau, online günstiger.</p><p>TPD2-konform. Dieses Produkt kann Nikotin enthalten: einen Stoff, der abhängig macht. Abgabe nur ab 18 Jahren. Batteriehinweise siehe Batteriegesetz-Seite.</p>",RandM / Fumot,Vape,"vape, nikotin, age_restricted",TRUE,Title,Default Title,RANDMDRAGONFRUITALOE,shopify,10,deny,manual,11.10,11.95,TRUE,TRUE,active,Vapes & Liquids
takis-nacho,Takis Nacho,"<p>Takis Nacho – wie am Automaten in Aue &amp; Zwickau, online günstiger.</p><p>Der Snack für zwischendurch – direkt aus dem Kiosk-Sortiment.</p>",Takis,Snack,snacks,TRUE,Title,Default Title,TAKISNACHO,shopify,10,deny,manual,3.25,3.50,TRUE,TRUE,active,Snacks & Sweets
p-7days-corissant,7Days Corissant,"<p>7Days Corissant – wie am Automaten in Aue &amp; Zwickau, online günstiger.</p><p>Der Snack für zwischendurch – direkt aus dem Kiosk-Sortiment.</p>",7Days,Snack,snacks,TRUE,Title,Default Title,P7DAYSCORISSANT,shopify,10,deny,manual,1.85,2.00,TRUE,TRUE,active,Snacks & Sweets
takis-blue-heat,Takis Blue Heat,"<p>Takis Blue Heat – wie am Automaten in Aue &amp; Zwickau, online günstiger.</p><p>Der Snack für zwischendurch – direkt aus dem Kiosk-Sortiment.</p>",Takis,Snack,snacks,TRUE,Title,Default Title,TAKISBLUEHEAT,shopify,10,deny,manual,3.25,3.50,TRUE,TRUE,active,Snacks & Sweets
manner-cookie-mix,Manner Cookie Mix,"<p>Manner Cookie Mix – wie am Automaten in Aue &amp; Zwickau, online günstiger.</p><p>Der Snack für zwischendurch – direkt aus dem Kiosk-Sortiment.</p>",Manner,Snack,snacks,TRUE,Title,Default Title,MANNERCOOKIEMIX,shopify,10,deny,manual,4.20,4.50,TRUE,TRUE,active,Snacks & Sweets
doritos-paprika,Doritos Paprika,"<p>Doritos Paprika – wie am Automaten in Aue &amp; Zwickau, online günstiger.</p><p>Der Snack für zwischendurch – direkt aus dem Kiosk-Sortiment.</p>",Doritos,Snack,snacks,TRUE,Title,Default Title,DORITOSPAPRIKA,shopify,10,deny,manual,2.30,2.50,TRUE,TRUE,active,Snacks & Sweets
bifi-carazza,Bifi Carazza,"<p>Bifi Carazza – wie am Automaten in Aue &amp; Zwickau, online günstiger.</p><p>Der Snack für zwischendurch – direkt aus dem Kiosk-Sortiment.</p>",BiFi,Snack,snacks,TRUE,Title,Default Title,BIFICARAZZA,shopify,10,deny,manual,2.50,2.70,TRUE,TRUE,active,Snacks & Sweets
fuze-tea-zitrone,Fuze Tea Zitrone,"<p>Fuze Tea Zitrone – wie am Automaten in Aue &amp; Zwickau, online günstiger.</p><p>Gut gekühlt am besten. Pfandartikel werden zzgl. Pfand berechnet.</p>",Fuze Tea,Getränk,getraenke,TRUE,Title,Default Title,FUZETEAZITRONE,shopify,10,deny,manual,2.25,2.40,TRUE,TRUE,active,Getränke
elfx-pro-pods-0-6-ohm,"Elfx Pro Pods 0,6 Ohm","<p>Elfx Pro Pods 0,6 Ohm – wie am Automaten in Aue &amp; Zwickau, online günstiger.</p><p>TPD2-konform. Dieses Produkt kann Nikotin enthalten: einen Stoff, der abhängig macht. Abgabe nur ab 18 Jahren. Batteriehinweise siehe Batteriegesetz-Seite.</p>",Elf Bar,Vape,"vape, nikotin, age_restricted",TRUE,Title,Default Title,ELFXPROPODS06OHM,shopify,10,deny,manual,13.85,14.90,TRUE,TRUE,active,Vapes & Liquids
elfbar-cherry-pods,Elfbar Cherry Pods,"<p>Elfbar Cherry Pods – wie am Automaten in Aue &amp; Zwickau, online günstiger.</p><p>TPD2-konform. Dieses Produkt kann Nikotin enthalten: einen Stoff, der abhängig macht. Abgabe nur ab 18 Jahren. Batteriehinweise siehe Batteriegesetz-Seite.</p>",Elf Bar,Vape,"vape, nikotin, age_restricted",TRUE,Title,Default Title,ELFBARCHERRYPODS,shopify,10,deny,manual,11.10,11.95,TRUE,TRUE,active,Vapes & Liquids
red-bull-summer-edition,Red Bull Summer Edition,"<p>Red Bull Summer Edition – wie am Automaten in Aue &amp; Zwickau, online günstiger.</p><p>Gut gekühlt am besten. Pfandartikel werden zzgl. Pfand berechnet.</p>",Red Bull,Getränk,getraenke,TRUE,Title,Default Title,REDBULLSUMMEREDITION,shopify,10,deny,manual,2.60,2.80,TRUE,TRUE,active,Getränke
bifi-roll,Bifi Roll,"<p>Bifi Roll – wie am Automaten in Aue &amp; Zwickau, online günstiger.</p><p>Der Snack für zwischendurch – direkt aus dem Kiosk-Sortiment.</p>",BiFi,Snack,snacks,TRUE,Title,Default Title,BIFIROLL,shopify,10,deny,manual,2.50,2.70,TRUE,TRUE,active,Snacks & Sweets
erotik-pack,Erotik Pack,"<p>Erotik Pack – wie am Automaten in Aue &amp; Zwickau, online günstiger.</p><p>Überraschungsinhalt – genau das ist der Spaß. Widerrufsrecht bleibt unberührt.</p>",24SEVEN,Mystery Pack,"mystery, age_restricted",TRUE,Title,Default Title,EROTIKPACK,shopify,10,deny,manual,18.50,19.90,TRUE,TRUE,active,Mystery Packs
elfliq-frozen-berries,ELFLIQ Frozen Berries,"<p>ELFLIQ Frozen Berries – wie am Automaten in Aue &amp; Zwickau, online günstiger.</p><p>TPD2-konform. Dieses Produkt kann Nikotin enthalten: einen Stoff, der abhängig macht. Abgabe nur ab 18 Jahren. Batteriehinweise siehe Batteriegesetz-Seite.</p>",Elf Bar,Vape,"vape, nikotin, age_restricted",TRUE,Title,Default Title,ELFLIQFROZENBERRIES,shopify,10,deny,manual,11.10,11.95,TRUE,TRUE,active,Vapes & Liquids
haribo-pico-balla,Haribo Pico Balla,"<p>Haribo Pico Balla – wie am Automaten in Aue &amp; Zwickau, online günstiger.</p><p>Der Snack für zwischendurch – direkt aus dem Kiosk-Sortiment.</p>",Haribo,Snack,snacks,TRUE,Title,Default Title,HARIBOPICOBALLA,shopify,10,deny,manual,1.85,2.00,TRUE,TRUE,active,Snacks & Sweets
trolli-apfelringe,Trolli Apfelringe,"<p>Trolli Apfelringe – wie am Automaten in Aue &amp; Zwickau, online günstiger.</p><p>Der Snack für zwischendurch – direkt aus dem Kiosk-Sortiment.</p>",Trolli,Snack,snacks,TRUE,Title,Default Title,TROLLIAPFELRINGE,shopify,9,deny,manual,1.85,2.00,TRUE,TRUE,active,Snacks & Sweets
mountain-dew,Mountain Dew,"<p>Mountain Dew – wie am Automaten in Aue &amp; Zwickau, online günstiger.</p><p>Gut gekühlt am besten. Pfandartikel werden zzgl. Pfand berechnet.</p>",Mountain Dew,Getränk,getraenke,TRUE,Title,Default Title,MOUNTAINDEW,shopify,9,deny,manual,2.30,2.50,TRUE,TRUE,active,Getränke
somersby-apple,Somersby Apple,"<p>Somersby Apple – wie am Automaten in Aue &amp; Zwickau, online günstiger.</p><p>Alkoholhaltiges Getränk – Abgabe nur ab 18 Jahren. Bitte verantwortungsvoll genießen.</p>",Somersby,Alkoholisches Getränk,"alkohol, age_restricted",TRUE,Title,Default Title,SOMERSBYAPPLE,shopify,9,deny,manual,1.85,2.00,TRUE,TRUE,active,Bier & Spirituosen
elfbar-pods-dragon-fruit-blackberry,Elfbar Pods Dragon Fruit Blackberry,"<p>Elfbar Pods Dragon Fruit Blackberry – wie am Automaten in Aue &amp; Zwickau, online günstiger.</p><p>TPD2-konform. Dieses Produkt kann Nikotin enthalten: einen Stoff, der abhängig macht. Abgabe nur ab 18 Jahren. Batteriehinweise siehe Batteriegesetz-Seite.</p>",Elf Bar,Vape,"vape, nikotin, age_restricted",TRUE,Title,Default Title,ELFBARPODSDRAGONFRUI,shopify,9,deny,manual,11.10,11.95,TRUE,TRUE,active,Vapes & Liquids
elfliq-coconut-blueberry,ELFLIQ Coconut Blueberry,"<p>ELFLIQ Coconut Blueberry – wie am Automaten in Aue &amp; Zwickau, online günstiger.</p><p>TPD2-konform. Dieses Produkt kann Nikotin enthalten: einen Stoff, der abhängig macht. Abgabe nur ab 18 Jahren. Batteriehinweise siehe Batteriegesetz-Seite.</p>",Elf Bar,Vape,"vape, nikotin, age_restricted",TRUE,Title,Default Title,ELFLIQCOCONUTBLUEBER,shopify,9,deny,manual,11.10,11.95,TRUE,TRUE,active,Vapes & Liquids
goenrgy-black-acai,Gönrgy Black Acai,"<p>Gönrgy Black Acai – wie am Automaten in Aue &amp; Zwickau, online günstiger.</p><p>Gut gekühlt am besten. Pfandartikel werden zzgl. Pfand berechnet.</p>",Gönrgy,Getränk,getraenke,TRUE,Title,Default Title,GOENRGYBLACKACAI,shopify,9,deny,manual,2.50,2.70,TRUE,TRUE,active,Getränke
takis-buckin-ranch,Takis Buckin Ranch,"<p>Takis Buckin Ranch – wie am Automaten in Aue &amp; Zwickau, online günstiger.</p><p>Der Snack für zwischendurch – direkt aus dem Kiosk-Sortiment.</p>",Takis,Snack,snacks,TRUE,Title,Default Title,TAKISBUCKINRANCH,shopify,9,deny,manual,3.25,3.50,TRUE,TRUE,active,Snacks & Sweets
elfliq-mix-berries,Elfliq Mix Berries,"<p>Elfliq Mix Berries – wie am Automaten in Aue &amp; Zwickau, online günstiger.</p><p>TPD2-konform. Dieses Produkt kann Nikotin enthalten: einen Stoff, der abhängig macht. Abgabe nur ab 18 Jahren. Batteriehinweise siehe Batteriegesetz-Seite.</p>",Elf Bar,Vape,"vape, nikotin, age_restricted",TRUE,Title,Default Title,ELFLIQMIXBERRIES,shopify,9,deny,manual,11.10,11.95,TRUE,TRUE,active,Vapes & Liquids
happy-amsterdam-amnezia-haze,Happy Amsterdam Amnezia Haze,"<p>Happy Amsterdam Amnezia Haze – wie am Automaten in Aue &amp; Zwickau, online günstiger.</p><p>Bekannt von unseren Automaten in Aue und Zwickau. Abgabe nur ab 18 Jahren. Verkauf nur im rechtlich zulässigen Rahmen; Produktangaben siehe Verpackung.</p>",Happy's Amsterdam,Cannabinoid-Produkt,"happys, age_restricted",TRUE,Title,Default Title,HAPPYAMSTERDAMAMNEZI,shopify,9,deny,manual,27.30,29.35,TRUE,TRUE,active,Happy's Amsterdam
corny-xl-banane,Corny XL Banane,"<p>Corny XL Banane – wie am Automaten in Aue &amp; Zwickau, online günstiger.</p><p>Der Snack für zwischendurch – direkt aus dem Kiosk-Sortiment.</p>",Corny,Snack,snacks,TRUE,Title,Default Title,CORNYXLBANANE,shopify,9,deny,manual,1.50,,TRUE,TRUE,active,Snacks & Sweets
p-1-5g-meshflash-preroll,"1,5g MeshFlash Preroll","<p>1,5g MeshFlash Preroll – wie am Automaten in Aue &amp; Zwickau, online günstiger.</p><p>Abgabe nur ab 18 Jahren. Verkauf nur im rechtlich zulässigen Rahmen; Produktangaben siehe Verpackung.</p>",MeshFlash,Cannabinoid-Produkt,"onlygrams, age_restricted",TRUE,Title,Default Title,P15GMESHFLASHPREROLL,shopify,9,deny,manual,14.80,15.90,TRUE,TRUE,active,Onlygrams & H3BTA
onlygrams-prerolls-wedding-cake,Onlygrams PREROLLS Wedding Cake,"<p>Onlygrams PREROLLS Wedding Cake – wie am Automaten in Aue &amp; Zwickau, online günstiger.</p><p>Abgabe nur ab 18 Jahren. Verkauf nur im rechtlich zulässigen Rahmen; Produktangaben siehe Verpackung.</p>",OnlyGrams,Cannabinoid-Produkt,"onlygrams, age_restricted",TRUE,Title,Default Title,ONLYGRAMSPREROLLSWED,shopify,9,deny,manual,24.60,26.45,TRUE,TRUE,active,Onlygrams & H3BTA
fanta-exotic,Fanta Exotic,"<p>Fanta Exotic – wie am Automaten in Aue &amp; Zwickau, online günstiger.</p><p>Gut gekühlt am besten. Pfandartikel werden zzgl. Pfand berechnet.</p>",Fanta,Getränk,getraenke,TRUE,Title,Default Title,FANTAEXOTIC,shopify,9,deny,manual,2.05,2.20,TRUE,TRUE,active,Getränke
mystery-pack-elektronik,Mystery Pack Elektronik,"<p>Mystery Pack Elektronik – wie am Automaten in Aue &amp; Zwickau, online günstiger.</p><p>Überraschungsinhalt – genau das ist der Spaß. Widerrufsrecht bleibt unberührt.</p>",24SEVEN,Mystery Pack,mystery,TRUE,Title,Default Title,MYSTERYPACKELEKTRONI,shopify,9,deny,manual,18.50,19.90,TRUE,TRUE,active,Mystery Packs
mogumogu-lychee,MoguMogu Lychee,"<p>MoguMogu Lychee – wie am Automaten in Aue &amp; Zwickau, online günstiger.</p><p>Gut gekühlt am besten. Pfandartikel werden zzgl. Pfand berechnet.</p>",Mogu Mogu,Getränk,getraenke,TRUE,Title,Default Title,MOGUMOGULYCHEE,shopify,9,deny,manual,2.50,2.70,TRUE,TRUE,active,Getränke
p-1g-onlygrams-cherry-pie-bluete,1g Onlygrams Cherry Pie Blüte,"<p>1g Onlygrams Cherry Pie Blüte – wie am Automaten in Aue &amp; Zwickau, online günstiger.</p><p>Abgabe nur ab 18 Jahren. Verkauf nur im rechtlich zulässigen Rahmen; Produktangaben siehe Verpackung.</p>",OnlyGrams,Cannabinoid-Produkt,"onlygrams, age_restricted",TRUE,Title,Default Title,P1GONLYGRAMSCHERRYPI,shopify,9,deny,manual,12.00,12.90,TRUE,TRUE,active,Onlygrams & H3BTA
red-bull-winter-edition,Red Bull Winter Edition,"<p>Red Bull Winter Edition – wie am Automaten in Aue &amp; Zwickau, online günstiger.</p><p>Gut gekühlt am besten. Pfandartikel werden zzgl. Pfand berechnet.</p>",Red Bull,Getränk,getraenke,TRUE,Title,Default Title,REDBULLWINTEREDITION,shopify,8,deny,manual,2.60,2.80,TRUE,TRUE,active,Getränke
elfx-pro-schwarz,ELFX Pro Schwarz,"<p>ELFX Pro Schwarz – wie am Automaten in Aue &amp; Zwickau, online günstiger.</p><p>TPD2-konform. Dieses Produkt kann Nikotin enthalten: einen Stoff, der abhängig macht. Abgabe nur ab 18 Jahren. Batteriehinweise siehe Batteriegesetz-Seite.</p>",Elf Bar,Vape,"vape, nikotin, age_restricted",TRUE,Title,Default Title,ELFXPROSCHWARZ,shopify,8,deny,manual,27.80,29.90,TRUE,TRUE,active,Vapes & Liquids
jack-daniels-lemonade,Jack Daniels Lemonade,"<p>Jack Daniels Lemonade – wie am Automaten in Aue &amp; Zwickau, online günstiger.</p><p>Alkoholhaltiges Getränk – Abgabe nur ab 18 Jahren. Bitte verantwortungsvoll genießen.</p>",Jack Daniel's,Alkoholisches Getränk,"alkohol, age_restricted",TRUE,Title,Default Title,JACKDANIELSLEMONADE,shopify,8,deny,manual,3.65,3.90,TRUE,TRUE,active,Bier & Spirituosen
bounty-2er,Bounty 2er,"<p>Bounty 2er – wie am Automaten in Aue &amp; Zwickau, online günstiger.</p><p>Der Snack für zwischendurch – direkt aus dem Kiosk-Sortiment.</p>",Bounty,Snack,snacks,TRUE,Title,Default Title,BOUNTY2ER,shopify,8,deny,manual,1.50,,TRUE,TRUE,active,Snacks & Sweets
zarewitsch-vodka,Zarewitsch Vodka,"<p>Zarewitsch Vodka – wie am Automaten in Aue &amp; Zwickau, online günstiger.</p><p>Alkoholhaltiges Getränk – Abgabe nur ab 18 Jahren. Bitte verantwortungsvoll genießen.</p>",Zarewitsch,Alkoholisches Getränk,"alkohol, age_restricted",TRUE,Title,Default Title,ZAREWITSCHVODKA,shopify,8,deny,manual,2.30,2.50,TRUE,TRUE,active,Bier & Spirituosen
fanta-orange-0-5l,"Fanta Orange 0,5l","<p>Fanta Orange 0,5l – wie am Automaten in Aue &amp; Zwickau, online günstiger.</p><p>Gut gekühlt am besten. Pfandartikel werden zzgl. Pfand berechnet.</p>",Fanta,Getränk,getraenke,TRUE,Title,Default Title,FANTAORANGE05L,shopify,8,deny,manual,2.05,2.20,TRUE,TRUE,active,Getränke
goenrgy-apfelringe,Gönrgy Apfelringe,"<p>Gönrgy Apfelringe – wie am Automaten in Aue &amp; Zwickau, online günstiger.</p><p>Gut gekühlt am besten. Pfandartikel werden zzgl. Pfand berechnet.</p>",Gönrgy,Getränk,getraenke,TRUE,Title,Default Title,GOENRGYAPFELRINGE,shopify,8,deny,manual,2.50,2.70,TRUE,TRUE,active,Getränke
hitschies-saure-baelle-blau,Hitschies Saure Bälle Blau,"<p>Hitschies Saure Bälle Blau – wie am Automaten in Aue &amp; Zwickau, online günstiger.</p><p>Der Snack für zwischendurch – direkt aus dem Kiosk-Sortiment.</p>",Hitschler,Snack,snacks,TRUE,Title,Default Title,HITSCHIESSAUREBAELLE,shopify,8,deny,manual,2.30,2.50,TRUE,TRUE,active,Snacks & Sweets
jack-daniels-berry,Jack Daniels Berry,"<p>Jack Daniels Berry – wie am Automaten in Aue &amp; Zwickau, online günstiger.</p><p>Alkoholhaltiges Getränk – Abgabe nur ab 18 Jahren. Bitte verantwortungsvoll genießen.</p>",Jack Daniel's,Alkoholisches Getränk,"alkohol, age_restricted",TRUE,Title,Default Title,JACKDANIELSBERRY,shopify,8,deny,manual,3.65,3.90,TRUE,TRUE,active,Bier & Spirituosen
lyne-mintstorm,LYNE Mintstorm,"<p>LYNE Mintstorm – wie am Automaten in Aue &amp; Zwickau, online günstiger.</p><p>TPD2-konform. Dieses Produkt kann Nikotin enthalten: einen Stoff, der abhängig macht. Abgabe nur ab 18 Jahren. Batteriehinweise siehe Batteriegesetz-Seite.</p>",LYNE,Vape,"vape, nikotin, age_restricted",TRUE,Title,Default Title,LYNEMINTSTORM,shopify,8,deny,manual,9.20,9.90,TRUE,TRUE,active,Vapes & Liquids
mundm-crispy,M&M Crispy,"<p>M&M Crispy – wie am Automaten in Aue &amp; Zwickau, online günstiger.</p><p>Der Snack für zwischendurch – direkt aus dem Kiosk-Sortiment.</p>",M&M's,Snack,snacks,TRUE,Title,Default Title,MUNDMCRISPY,shopify,8,deny,manual,1.50,,TRUE,TRUE,active,Snacks & Sweets
monster-strawberry-dreams,Monster Strawberry Dreams,"<p>Monster Strawberry Dreams – wie am Automaten in Aue &amp; Zwickau, online günstiger.</p><p>Gut gekühlt am besten. Pfandartikel werden zzgl. Pfand berechnet.</p>",Monster,Getränk,getraenke,TRUE,Title,Default Title,MONSTERSTRAWBERRYDRE,shopify,8,deny,manual,2.50,2.70,TRUE,TRUE,active,Getränke
nutella-go,Nutella Go,"<p>Nutella Go – wie am Automaten in Aue &amp; Zwickau, online günstiger.</p><p>Der Snack für zwischendurch – direkt aus dem Kiosk-Sortiment.</p>",Ferrero,Snack,snacks,TRUE,Title,Default Title,NUTELLAGO,shopify,8,deny,manual,2.30,2.50,TRUE,TRUE,active,Snacks & Sweets
pfefferminz-likoer,Pfefferminz Likör,"<p>Pfefferminz Likör – wie am Automaten in Aue &amp; Zwickau, online günstiger.</p><p>Alkoholhaltiges Getränk – Abgabe nur ab 18 Jahren. Bitte verantwortungsvoll genießen.</p>",Pfefferminz,Alkoholisches Getränk,"alkohol, age_restricted",TRUE,Title,Default Title,PFEFFERMINZLIKOER,shopify,8,deny,manual,2.60,2.80,TRUE,TRUE,active,Bier & Spirituosen
trolli-pfirischringe,Trolli Pfirischringe,"<p>Trolli Pfirischringe – wie am Automaten in Aue &amp; Zwickau, online günstiger.</p><p>Der Snack für zwischendurch – direkt aus dem Kiosk-Sortiment.</p>",Trolli,Snack,snacks,TRUE,Title,Default Title,TROLLIPFIRISCHRINGE,shopify,8,deny,manual,1.85,2.00,TRUE,TRUE,active,Snacks & Sweets
starbucks-vanille,Starbucks Vanille,"<p>Starbucks Vanille – wie am Automaten in Aue &amp; Zwickau, online günstiger.</p><p>Gut gekühlt am besten. Pfandartikel werden zzgl. Pfand berechnet.</p>",Starbucks,Getränk,getraenke,TRUE,Title,Default Title,STARBUCKSVANILLE,shopify,7,deny,manual,2.70,2.90,TRUE,TRUE,active,Getränke
pablo-superslim,Pablo Superslim,"<p>Pablo Superslim – wie am Automaten in Aue &amp; Zwickau, online günstiger.</p><p>Rauchen fügt Ihnen und den Menschen in Ihrer Umgebung erheblichen Schaden zu. Abgabe nur ab 18 Jahren.</p>",Pablo,Tabakware,"tabak, age_restricted",TRUE,Title,Default Title,PABLOSUPERSLIM,shopify,7,deny,manual,9.20,9.90,TRUE,TRUE,active,Tabak & Drehzubehör
toffifee,Toffifee,"<p>Toffifee – wie am Automaten in Aue &amp; Zwickau, online günstiger.</p><p>Der Snack für zwischendurch – direkt aus dem Kiosk-Sortiment.</p>",Storck,Snack,snacks,TRUE,Title,Default Title,TOFFIFEE,shopify,7,deny,manual,2.80,3.00,TRUE,TRUE,active,Snacks & Sweets
mixery-iced-purple,Mixery Iced Purple,"<p>Mixery Iced Purple – wie am Automaten in Aue &amp; Zwickau, online günstiger.</p><p>Alkoholhaltiges Getränk – Abgabe nur ab 18 Jahren. Bitte verantwortungsvoll genießen.</p>",Mixery,Alkoholisches Getränk,"alkohol, age_restricted",TRUE,Title,Default Title,MIXERYICEDPURPLE,shopify,7,deny,manual,2.30,2.50,TRUE,TRUE,active,Bier & Spirituosen
radeberger,Radeberger,"<p>Radeberger – wie am Automaten in Aue &amp; Zwickau, online günstiger.</p><p>Alkoholhaltiges Getränk – Abgabe nur ab 18 Jahren. Bitte verantwortungsvoll genießen.</p>",Radeberger,Alkoholisches Getränk,"alkohol, age_restricted",TRUE,Title,Default Title,RADEBERGER,shopify,7,deny,manual,2.30,2.50,TRUE,TRUE,active,Bier & Spirituosen
p-1g-onlygrams-cookie-bluete,1g Onlygrams Cookie Blüte,"<p>1g Onlygrams Cookie Blüte – wie am Automaten in Aue &amp; Zwickau, online günstiger.</p><p>Abgabe nur ab 18 Jahren. Verkauf nur im rechtlich zulässigen Rahmen; Produktangaben siehe Verpackung.</p>",OnlyGrams,Cannabinoid-Produkt,"onlygrams, age_restricted",TRUE,Title,Default Title,P1GONLYGRAMSCOOKIEBL,shopify,7,deny,manual,12.00,12.90,TRUE,TRUE,active,Onlygrams & H3BTA
nescafe-capuccino,Nescafe Capuccino,"<p>Nescafe Capuccino – wie am Automaten in Aue &amp; Zwickau, online günstiger.</p><p>Gut gekühlt am besten. Pfandartikel werden zzgl. Pfand berechnet.</p>",Nescafé,Getränk,getraenke,TRUE,Title,Default Title,NESCAFECAPUCCINO,shopify,7,deny,manual,2.45,2.65,TRUE,TRUE,active,Getränke
p-20eur-neuware-pack,20€ Neuware Pack,"<p>20€ Neuware Pack – wie am Automaten in Aue &amp; Zwickau, online günstiger.</p><p>Überraschungsinhalt – genau das ist der Spaß. Widerrufsrecht bleibt unberührt.</p>",24SEVEN,Mystery Pack,mystery,TRUE,Title,Default Title,P20EURNEUWAREPACK,shopify,7,deny,manual,18.60,20.00,TRUE,TRUE,active,Mystery Packs
goenrgy-paradise-punch-zucker,Gönrgy Paradise Punch Zucker,"<p>Gönrgy Paradise Punch Zucker – wie am Automaten in Aue &amp; Zwickau, online günstiger.</p><p>Gut gekühlt am besten. Pfandartikel werden zzgl. Pfand berechnet.</p>",Gönrgy,Getränk,getraenke,TRUE,Title,Default Title,GOENRGYPARADISEPUNCH,shopify,7,deny,manual,2.50,2.70,TRUE,TRUE,active,Getränke
happy-amsterdam-golden-kush,Happy Amsterdam Golden Kush,"<p>Happy Amsterdam Golden Kush – wie am Automaten in Aue &amp; Zwickau, online günstiger.</p><p>Bekannt von unseren Automaten in Aue und Zwickau. Abgabe nur ab 18 Jahren. Verkauf nur im rechtlich zulässigen Rahmen; Produktangaben siehe Verpackung.</p>",Happy's Amsterdam,Cannabinoid-Produkt,"happys, age_restricted",TRUE,Title,Default Title,HAPPYAMSTERDAMGOLDEN,shopify,7,deny,manual,26.60,28.60,TRUE,TRUE,active,Happy's Amsterdam
mixery-bier-x-cola,Mixery Bier x Cola,"<p>Mixery Bier x Cola – wie am Automaten in Aue &amp; Zwickau, online günstiger.</p><p>Alkoholhaltiges Getränk – Abgabe nur ab 18 Jahren. Bitte verantwortungsvoll genießen.</p>",Mixery,Alkoholisches Getränk,"alkohol, age_restricted",TRUE,Title,Default Title,MIXERYBIERXCOLA,shopify,7,deny,manual,2.30,2.50,TRUE,TRUE,active,Bier & Spirituosen
erdbeermilch,Erdbeermilch,"<p>Erdbeermilch – wie am Automaten in Aue &amp; Zwickau, online günstiger.</p><p>Gut gekühlt am besten. Pfandartikel werden zzgl. Pfand berechnet.</p>",Erdbeermilch,Getränk,getraenke,TRUE,Title,Default Title,ERDBEERMILCH,shopify,7,deny,manual,2.80,3.00,TRUE,TRUE,active,Getränke
nescafe-latte,Nescafe Latte,"<p>Nescafe Latte – wie am Automaten in Aue &amp; Zwickau, online günstiger.</p><p>Gut gekühlt am besten. Pfandartikel werden zzgl. Pfand berechnet.</p>",Nescafé,Getränk,getraenke,TRUE,Title,Default Title,NESCAFELATTE,shopify,6,deny,manual,2.30,2.50,TRUE,TRUE,active,Getränke
jim-beam-cola,Jim Beam Cola,"<p>Jim Beam Cola – wie am Automaten in Aue &amp; Zwickau, online günstiger.</p><p>Alkoholhaltiges Getränk – Abgabe nur ab 18 Jahren. Bitte verantwortungsvoll genießen.</p>",Jim Beam,Alkoholisches Getränk,"alkohol, age_restricted",TRUE,Title,Default Title,JIMBEAMCOLA,shopify,6,deny,manual,3.65,3.90,TRUE,TRUE,active,Bier & Spirituosen
nescafe-latte-caramel,Nescafe Latte Caramel,"<p>Nescafe Latte Caramel – wie am Automaten in Aue &amp; Zwickau, online günstiger.</p><p>Gut gekühlt am besten. Pfandartikel werden zzgl. Pfand berechnet.</p>",Nescafé,Getränk,getraenke,TRUE,Title,Default Title,NESCAFELATTECARAMEL,shopify,6,deny,manual,2.30,2.50,TRUE,TRUE,active,Getränke
onlygrams-blueberry-vape,Onlygrams Blueberry Vape,"<p>Onlygrams Blueberry Vape – wie am Automaten in Aue &amp; Zwickau, online günstiger.</p><p>Abgabe nur ab 18 Jahren. Verkauf nur im rechtlich zulässigen Rahmen; Produktangaben siehe Verpackung.</p>",OnlyGrams,Cannabinoid-Produkt,"onlygrams, age_restricted",TRUE,Title,Default Title,ONLYGRAMSBLUEBERRYVA,shopify,6,deny,manual,25.65,27.60,TRUE,TRUE,active,Onlygrams & H3BTA
jaegermeister-klein,Jägermeister klein,"<p>Jägermeister klein – wie am Automaten in Aue &amp; Zwickau, online günstiger.</p><p>Alkoholhaltiges Getränk – Abgabe nur ab 18 Jahren. Bitte verantwortungsvoll genießen.</p>",Jägermeister,Alkoholisches Getränk,"alkohol, age_restricted",TRUE,Title,Default Title,JAEGERMEISTERKLEIN,shopify,6,deny,manual,3.25,3.50,TRUE,TRUE,active,Bier & Spirituosen
belgische-waffel,Belgische Waffel,"<p>Belgische Waffel – wie am Automaten in Aue &amp; Zwickau, online günstiger.</p><p>Der Snack für zwischendurch – direkt aus dem Kiosk-Sortiment.</p>",Belgische,Snack,snacks,TRUE,Title,Default Title,BELGISCHEWAFFEL,shopify,6,deny,manual,1.85,2.00,TRUE,TRUE,active,Snacks & Sweets
p-1g-onlygrams-blueberry-muffin,1g Onlygrams Blueberry Muffin,"<p>1g Onlygrams Blueberry Muffin – wie am Automaten in Aue &amp; Zwickau, online günstiger.</p><p>Abgabe nur ab 18 Jahren. Verkauf nur im rechtlich zulässigen Rahmen; Produktangaben siehe Verpackung.</p>",OnlyGrams,Cannabinoid-Produkt,"onlygrams, age_restricted",TRUE,Title,Default Title,P1GONLYGRAMSBLUEBERR,shopify,6,deny,manual,12.00,12.90,TRUE,TRUE,active,Onlygrams & H3BTA
elfbar-grape-ice-pods,Elfbar Grape Ice Pods,"<p>Elfbar Grape Ice Pods – wie am Automaten in Aue &amp; Zwickau, online günstiger.</p><p>TPD2-konform. Dieses Produkt kann Nikotin enthalten: einen Stoff, der abhängig macht. Abgabe nur ab 18 Jahren. Batteriehinweise siehe Batteriegesetz-Seite.</p>",Elf Bar,Vape,"vape, nikotin, age_restricted",TRUE,Title,Default Title,ELFBARGRAPEICEPODS,shopify,6,deny,manual,11.10,11.95,TRUE,TRUE,active,Vapes & Liquids
elfbar-peach-ice-pods,Elfbar Peach Ice Pods,"<p>Elfbar Peach Ice Pods – wie am Automaten in Aue &amp; Zwickau, online günstiger.</p><p>TPD2-konform. Dieses Produkt kann Nikotin enthalten: einen Stoff, der abhängig macht. Abgabe nur ab 18 Jahren. Batteriehinweise siehe Batteriegesetz-Seite.</p>",Elf Bar,Vape,"vape, nikotin, age_restricted",TRUE,Title,Default Title,ELFBARPEACHICEPODS,shopify,6,deny,manual,11.10,11.95,TRUE,TRUE,active,Vapes & Liquids
elfbar-800-blueberry,Elfbar 800 Blueberry,"<p>Elfbar 800 Blueberry – wie am Automaten in Aue &amp; Zwickau, online günstiger.</p><p>TPD2-konform. Dieses Produkt kann Nikotin enthalten: einen Stoff, der abhängig macht. Abgabe nur ab 18 Jahren. Batteriehinweise siehe Batteriegesetz-Seite.</p>",Elf Bar,Vape,"vape, nikotin, age_restricted",TRUE,Title,Default Title,ELFBAR800BLUEBERRY,shopify,6,deny,manual,10.20,10.95,TRUE,TRUE,active,Vapes & Liquids
jack-daniels-coca-cola-zero,Jack Daniels Coca Cola Zero,"<p>Jack Daniels Coca Cola Zero – wie am Automaten in Aue &amp; Zwickau, online günstiger.</p><p>Alkoholhaltiges Getränk – Abgabe nur ab 18 Jahren. Bitte verantwortungsvoll genießen.</p>",Coca-Cola,Alkoholisches Getränk,"alkohol, age_restricted",TRUE,Title,Default Title,JACKDANIELSCOCACOLAZ,shopify,6,deny,manual,3.65,3.90,TRUE,TRUE,active,Bier & Spirituosen
goenrgy-mango-slam-zucker,Gönrgy Mango Slam Zucker,"<p>Gönrgy Mango Slam Zucker – wie am Automaten in Aue &amp; Zwickau, online günstiger.</p><p>Gut gekühlt am besten. Pfandartikel werden zzgl. Pfand berechnet.</p>",Gönrgy,Getränk,getraenke,TRUE,Title,Default Title,GOENRGYMANGOSLAMZUCK,shopify,6,deny,manual,2.50,2.70,TRUE,TRUE,active,Getränke
p-1g-onlygrams-lemon-ice-bluete,1g Onlygrams Lemon Ice Blüte,"<p>1g Onlygrams Lemon Ice Blüte – wie am Automaten in Aue &amp; Zwickau, online günstiger.</p><p>Abgabe nur ab 18 Jahren. Verkauf nur im rechtlich zulässigen Rahmen; Produktangaben siehe Verpackung.</p>",OnlyGrams,Cannabinoid-Produkt,"onlygrams, age_restricted",TRUE,Title,Default Title,P1GONLYGRAMSLEMONICE,shopify,6,deny,manual,12.00,12.90,TRUE,TRUE,active,Onlygrams & H3BTA
p-1g-onlygrams-lucid-dreams-bluete,1g Onlygrams Lucid Dreams Blüte,"<p>1g Onlygrams Lucid Dreams Blüte – wie am Automaten in Aue &amp; Zwickau, online günstiger.</p><p>Abgabe nur ab 18 Jahren. Verkauf nur im rechtlich zulässigen Rahmen; Produktangaben siehe Verpackung.</p>",OnlyGrams,Cannabinoid-Produkt,"onlygrams, age_restricted",TRUE,Title,Default Title,P1GONLYGRAMSLUCIDDRE,shopify,6,deny,manual,12.00,12.90,TRUE,TRUE,active,Onlygrams & H3BTA
calypso-kiwi-lemonade,Calypso Kiwi Lemonade,"<p>Calypso Kiwi Lemonade – wie am Automaten in Aue &amp; Zwickau, online günstiger.</p><p>Gut gekühlt am besten. Pfandartikel werden zzgl. Pfand berechnet.</p>",Calypso,Getränk,getraenke,TRUE,Title,Default Title,CALYPSOKIWILEMONADE,shopify,6,deny,manual,3.65,3.90,TRUE,TRUE,active,Getränke
elfliq-blackberry-cherry,ELFLIQ Blackberry Cherry,"<p>ELFLIQ Blackberry Cherry – wie am Automaten in Aue &amp; Zwickau, online günstiger.</p><p>TPD2-konform. Dieses Produkt kann Nikotin enthalten: einen Stoff, der abhängig macht. Abgabe nur ab 18 Jahren. Batteriehinweise siehe Batteriegesetz-Seite.</p>",Elf Bar,Vape,"vape, nikotin, age_restricted",TRUE,Title,Default Title,ELFLIQBLACKBERRYCHER,shopify,6,deny,manual,11.10,11.95,TRUE,TRUE,active,Vapes & Liquids
randm-tornado-pro-silber,RandM Tornado Pro Silber,"<p>RandM Tornado Pro Silber – wie am Automaten in Aue &amp; Zwickau, online günstiger.</p><p>TPD2-konform. Dieses Produkt kann Nikotin enthalten: einen Stoff, der abhängig macht. Abgabe nur ab 18 Jahren. Batteriehinweise siehe Batteriegesetz-Seite.</p>",RandM / Fumot,Vape,"vape, nikotin, age_restricted",TRUE,Title,Default Title,RANDMTORNADOPROSILBE,shopify,6,deny,manual,18.50,19.90,TRUE,TRUE,active,Vapes & Liquids
toffifee-white,Toffifee White,"<p>Toffifee White – wie am Automaten in Aue &amp; Zwickau, online günstiger.</p><p>Der Snack für zwischendurch – direkt aus dem Kiosk-Sortiment.</p>",Storck,Snack,snacks,TRUE,Title,Default Title,TOFFIFEEWHITE,shopify,6,deny,manual,2.80,3.00,TRUE,TRUE,active,Snacks & Sweets
freezes-sour-rainbow,FREEZES Sour Rainbow,"<p>FREEZES Sour Rainbow – wie am Automaten in Aue &amp; Zwickau, online günstiger.</p><p>Der Snack für zwischendurch – direkt aus dem Kiosk-Sortiment.</p>",FREEZES,Snack,snacks,TRUE,Title,Default Title,FREEZESSOURRAINBOW,shopify,5,deny,manual,2.30,2.50,TRUE,TRUE,active,Snacks & Sweets
calypso-ocean-blue,Calypso Ocean Blue,"<p>Calypso Ocean Blue – wie am Automaten in Aue &amp; Zwickau, online günstiger.</p><p>Gut gekühlt am besten. Pfandartikel werden zzgl. Pfand berechnet.</p>",Calypso,Getränk,getraenke,TRUE,Title,Default Title,CALYPSOOCEANBLUE,shopify,5,deny,manual,3.65,3.90,TRUE,TRUE,active,Getränke
maoam-kracher,Maoam Kracher,"<p>Maoam Kracher – wie am Automaten in Aue &amp; Zwickau, online günstiger.</p><p>Der Snack für zwischendurch – direkt aus dem Kiosk-Sortiment.</p>",Maoam,Snack,snacks,TRUE,Title,Default Title,MAOAMKRACHER,shopify,5,deny,manual,1.50,,TRUE,TRUE,active,Snacks & Sweets
red-bull-green-edition,Red Bull Green Edition,"<p>Red Bull Green Edition – wie am Automaten in Aue &amp; Zwickau, online günstiger.</p><p>Gut gekühlt am besten. Pfandartikel werden zzgl. Pfand berechnet.</p>",Red Bull,Getränk,getraenke,TRUE,Title,Default Title,REDBULLGREENEDITION,shopify,5,deny,manual,2.60,2.80,TRUE,TRUE,active,Getränke
freezes-sharky,FREEZES Sharky,"<p>FREEZES Sharky – wie am Automaten in Aue &amp; Zwickau, online günstiger.</p><p>Der Snack für zwischendurch – direkt aus dem Kiosk-Sortiment.</p>",FREEZES,Snack,snacks,TRUE,Title,Default Title,FREEZESSHARKY,shopify,5,deny,manual,2.30,2.50,TRUE,TRUE,active,Snacks & Sweets
happy-amsterdam-cali-exotic,Happy Amsterdam Cali Exotic,"<p>Happy Amsterdam Cali Exotic – wie am Automaten in Aue &amp; Zwickau, online günstiger.</p><p>Bekannt von unseren Automaten in Aue und Zwickau. Abgabe nur ab 18 Jahren. Verkauf nur im rechtlich zulässigen Rahmen; Produktangaben siehe Verpackung.</p>",Happy's Amsterdam,Cannabinoid-Produkt,"happys, age_restricted",TRUE,Title,Default Title,HAPPYAMSTERDAMCALIEX,shopify,5,deny,manual,26.35,28.35,TRUE,TRUE,active,Happy's Amsterdam
elfbar-frozen-berries-pods,Elfbar Frozen Berries Pods,"<p>Elfbar Frozen Berries Pods – wie am Automaten in Aue &amp; Zwickau, online günstiger.</p><p>TPD2-konform. Dieses Produkt kann Nikotin enthalten: einen Stoff, der abhängig macht. Abgabe nur ab 18 Jahren. Batteriehinweise siehe Batteriegesetz-Seite.</p>",Elf Bar,Vape,"vape, nikotin, age_restricted",TRUE,Title,Default Title,ELFBARFROZENBERRIESP,shopify,5,deny,manual,11.10,11.95,TRUE,TRUE,active,Vapes & Liquids
happy-amsterdam-purple-punch,Happy Amsterdam Purple Punch,"<p>Happy Amsterdam Purple Punch – wie am Automaten in Aue &amp; Zwickau, online günstiger.</p><p>Bekannt von unseren Automaten in Aue und Zwickau. Abgabe nur ab 18 Jahren. Verkauf nur im rechtlich zulässigen Rahmen; Produktangaben siehe Verpackung.</p>",Happy's Amsterdam,Cannabinoid-Produkt,"happys, age_restricted",TRUE,Title,Default Title,HAPPYAMSTERDAMPURPLE,shopify,5,deny,manual,25.95,27.90,TRUE,TRUE,active,Happy's Amsterdam
bueno-2er,Bueno 2er,"<p>Bueno 2er – wie am Automaten in Aue &amp; Zwickau, online günstiger.</p><p>Der Snack für zwischendurch – direkt aus dem Kiosk-Sortiment.</p>",Ferrero,Snack,snacks,TRUE,Title,Default Title,BUENO2ER,shopify,5,deny,manual,1.50,,TRUE,TRUE,active,Snacks & Sweets
snickers,Snickers,"<p>Snickers – wie am Automaten in Aue &amp; Zwickau, online günstiger.</p><p>Der Snack für zwischendurch – direkt aus dem Kiosk-Sortiment.</p>",Snickers,Snack,snacks,TRUE,Title,Default Title,SNICKERS,shopify,5,deny,manual,1.50,,TRUE,TRUE,active,Snacks & Sweets
skittle-gruen,Skittle Grün,"<p>Skittle Grün – wie am Automaten in Aue &amp; Zwickau, online günstiger.</p><p>Der Snack für zwischendurch – direkt aus dem Kiosk-Sortiment.</p>",Skittles,Snack,snacks,TRUE,Title,Default Title,SKITTLEGRUEN,shopify,5,deny,manual,1.50,,TRUE,TRUE,active,Snacks & Sweets
yumyum-chicken-cup,Yumyum Chicken Cup,"<p>Yumyum Chicken Cup – wie am Automaten in Aue &amp; Zwickau, online günstiger.</p><p>Der Snack für zwischendurch – direkt aus dem Kiosk-Sortiment.</p>",YumYum,Snack,snacks,TRUE,Title,Default Title,YUMYUMCHICKENCUP,shopify,5,deny,manual,1.75,1.90,TRUE,TRUE,active,Snacks & Sweets
elfbar-blackberry-cherry-pods,Elfbar Blackberry Cherry Pods,"<p>Elfbar Blackberry Cherry Pods – wie am Automaten in Aue &amp; Zwickau, online günstiger.</p><p>TPD2-konform. Dieses Produkt kann Nikotin enthalten: einen Stoff, der abhängig macht. Abgabe nur ab 18 Jahren. Batteriehinweise siehe Batteriegesetz-Seite.</p>",Elf Bar,Vape,"vape, nikotin, age_restricted",TRUE,Title,Default Title,ELFBARBLACKBERRYCHER,shopify,5,deny,manual,11.10,11.95,TRUE,TRUE,active,Vapes & Liquids
pringles-sweet-paprika,Pringles Sweet Paprika,"<p>Pringles Sweet Paprika – wie am Automaten in Aue &amp; Zwickau, online günstiger.</p><p>Der Snack für zwischendurch – direkt aus dem Kiosk-Sortiment.</p>",Pringles,Snack,snacks,TRUE,Title,Default Title,PRINGLESSWEETPAPRIKA,shopify,5,deny,manual,1.85,2.00,TRUE,TRUE,active,Snacks & Sweets
calypso-island-wave,Calypso Island Wave,"<p>Calypso Island Wave – wie am Automaten in Aue &amp; Zwickau, online günstiger.</p><p>Gut gekühlt am besten. Pfandartikel werden zzgl. Pfand berechnet.</p>",Calypso,Getränk,getraenke,TRUE,Title,Default Title,CALYPSOISLANDWAVE,shopify,5,deny,manual,3.65,3.90,TRUE,TRUE,active,Getränke
goenrgy-kaktus-kick-zucker,Gönrgy Kaktus Kick Zucker,"<p>Gönrgy Kaktus Kick Zucker – wie am Automaten in Aue &amp; Zwickau, online günstiger.</p><p>Gut gekühlt am besten. Pfandartikel werden zzgl. Pfand berechnet.</p>",Gönrgy,Getränk,getraenke,TRUE,Title,Default Title,GOENRGYKAKTUSKICKZUC,shopify,5,deny,manual,2.50,2.70,TRUE,TRUE,active,Getränke
onlygrams-prerolls-kiwi-kush,Onlygrams PREROLLS Kiwi Kush,"<p>Onlygrams PREROLLS Kiwi Kush – wie am Automaten in Aue &amp; Zwickau, online günstiger.</p><p>Abgabe nur ab 18 Jahren. Verkauf nur im rechtlich zulässigen Rahmen; Produktangaben siehe Verpackung.</p>",OnlyGrams,Cannabinoid-Produkt,"onlygrams, age_restricted",TRUE,Title,Default Title,ONLYGRAMSPREROLLSKIW,shopify,5,deny,manual,25.95,27.90,TRUE,TRUE,active,Onlygrams & H3BTA
pringles-sour-cream,Pringles Sour Cream,"<p>Pringles Sour Cream – wie am Automaten in Aue &amp; Zwickau, online günstiger.</p><p>Der Snack für zwischendurch – direkt aus dem Kiosk-Sortiment.</p>",Pringles,Snack,snacks,TRUE,Title,Default Title,PRINGLESSOURCREAM,shopify,5,deny,manual,1.85,2.00,TRUE,TRUE,active,Snacks & Sweets
happy-amsterdam-super-lemon-haze,Happy Amsterdam Super Lemon Haze,"<p>Happy Amsterdam Super Lemon Haze – wie am Automaten in Aue &amp; Zwickau, online günstiger.</p><p>Bekannt von unseren Automaten in Aue und Zwickau. Abgabe nur ab 18 Jahren. Verkauf nur im rechtlich zulässigen Rahmen; Produktangaben siehe Verpackung.</p>",Happy's Amsterdam,Cannabinoid-Produkt,"happys, age_restricted",TRUE,Title,Default Title,HAPPYAMSTERDAMSUPERL,shopify,4,deny,manual,25.95,27.90,TRUE,TRUE,active,Happy's Amsterdam
elfliq-pink-lemonade,Elfliq Pink Lemonade,"<p>Elfliq Pink Lemonade – wie am Automaten in Aue &amp; Zwickau, online günstiger.</p><p>TPD2-konform. Dieses Produkt kann Nikotin enthalten: einen Stoff, der abhängig macht. Abgabe nur ab 18 Jahren. Batteriehinweise siehe Batteriegesetz-Seite.</p>",Elf Bar,Vape,"vape, nikotin, age_restricted",TRUE,Title,Default Title,ELFLIQPINKLEMONADE,shopify,4,deny,manual,11.10,11.95,TRUE,TRUE,active,Vapes & Liquids
three-sixty-dark-berry,Three Sixty Dark Berry,"<p>Three Sixty Dark Berry – wie am Automaten in Aue &amp; Zwickau, online günstiger.</p><p>Alkoholhaltiges Getränk – Abgabe nur ab 18 Jahren. Bitte verantwortungsvoll genießen.</p>",Three Sixty,Alkoholisches Getränk,"alkohol, age_restricted",TRUE,Title,Default Title,THREESIXTYDARKBERRY,shopify,4,deny,manual,3.65,3.90,TRUE,TRUE,active,Bier & Spirituosen
takis-volcano,Takis Volcano,"<p>Takis Volcano – wie am Automaten in Aue &amp; Zwickau, online günstiger.</p><p>Der Snack für zwischendurch – direkt aus dem Kiosk-Sortiment.</p>",Takis,Snack,snacks,TRUE,Title,Default Title,TAKISVOLCANO,shopify,4,deny,manual,3.25,3.50,TRUE,TRUE,active,Snacks & Sweets
hitschies-saure-baellerot,Hitschies Saure BälleRot,"<p>Hitschies Saure BälleRot – wie am Automaten in Aue &amp; Zwickau, online günstiger.</p><p>Der Snack für zwischendurch – direkt aus dem Kiosk-Sortiment.</p>",Hitschler,Snack,snacks,TRUE,Title,Default Title,HITSCHIESSAUREBAELLE,shopify,4,deny,manual,2.30,2.50,TRUE,TRUE,active,Snacks & Sweets
skruf-ice-xrta,Skruf Ice Xrta,"<p>Skruf Ice Xrta – wie am Automaten in Aue &amp; Zwickau, online günstiger.</p><p>Rauchen fügt Ihnen und den Menschen in Ihrer Umgebung erheblichen Schaden zu. Abgabe nur ab 18 Jahren.</p>",Skruf,Tabakware,"tabak, age_restricted",TRUE,Title,Default Title,SKRUFICEXRTA,shopify,4,deny,manual,9.20,9.90,TRUE,TRUE,active,Tabak & Drehzubehör
red-bull-summer-edition-2026,Red Bull Summer Edition 2026,"<p>Red Bull Summer Edition 2026 – wie am Automaten in Aue &amp; Zwickau, online günstiger.</p><p>Gut gekühlt am besten. Pfandartikel werden zzgl. Pfand berechnet.</p>",Red Bull,Getränk,getraenke,TRUE,Title,Default Title,REDBULLSUMMEREDITION,shopify,4,deny,manual,2.60,2.80,TRUE,TRUE,active,Getränke
calypso-triple-melon,Calypso Triple Melon,"<p>Calypso Triple Melon – wie am Automaten in Aue &amp; Zwickau, online günstiger.</p><p>Gut gekühlt am besten. Pfandartikel werden zzgl. Pfand berechnet.</p>",Calypso,Getränk,getraenke,TRUE,Title,Default Title,CALYPSOTRIPLEMELON,shopify,4,deny,manual,3.65,3.90,TRUE,TRUE,active,Getränke
randm-ice-pop-liquid,RandM Ice Pop Liquid,"<p>RandM Ice Pop Liquid – wie am Automaten in Aue &amp; Zwickau, online günstiger.</p><p>TPD2-konform. Dieses Produkt kann Nikotin enthalten: einen Stoff, der abhängig macht. Abgabe nur ab 18 Jahren. Batteriehinweise siehe Batteriegesetz-Seite.</p>",RandM / Fumot,Vape,"vape, nikotin, age_restricted",TRUE,Title,Default Title,RANDMICEPOPLIQUID,shopify,4,deny,manual,11.10,11.95,TRUE,TRUE,active,Vapes & Liquids
randm-grape-ice-pods,RandM Grape Ice Pods,"<p>RandM Grape Ice Pods – wie am Automaten in Aue &amp; Zwickau, online günstiger.</p><p>TPD2-konform. Dieses Produkt kann Nikotin enthalten: einen Stoff, der abhängig macht. Abgabe nur ab 18 Jahren. Batteriehinweise siehe Batteriegesetz-Seite.</p>",RandM / Fumot,Vape,"vape, nikotin, age_restricted",TRUE,Title,Default Title,RANDMGRAPEICEPODS,shopify,4,deny,manual,11.10,11.95,TRUE,TRUE,active,Vapes & Liquids
meshflash-peach-cream,MeshFlash Peach Cream,"<p>MeshFlash Peach Cream – wie am Automaten in Aue &amp; Zwickau, online günstiger.</p><p>Abgabe nur ab 18 Jahren. Verkauf nur im rechtlich zulässigen Rahmen; Produktangaben siehe Verpackung.</p>",MeshFlash,Cannabinoid-Produkt,"onlygrams, age_restricted",TRUE,Title,Default Title,MESHFLASHPEACHCREAM,shopify,4,deny,manual,27.80,29.90,TRUE,TRUE,active,Onlygrams & H3BTA
flerbar-cherry-cola,Flerbar Cherry Cola,"<p>Flerbar Cherry Cola – wie am Automaten in Aue &amp; Zwickau, online günstiger.</p><p>TPD2-konform. Dieses Produkt kann Nikotin enthalten: einen Stoff, der abhängig macht. Abgabe nur ab 18 Jahren. Batteriehinweise siehe Batteriegesetz-Seite.</p>",Flerbar,Vape,"vape, nikotin, age_restricted",TRUE,Title,Default Title,FLERBARCHERRYCOLA,shopify,4,deny,manual,10.20,10.95,TRUE,TRUE,active,Vapes & Liquids
elfbar-pink-lemonade-pods,Elfbar Pink Lemonade Pods,"<p>Elfbar Pink Lemonade Pods – wie am Automaten in Aue &amp; Zwickau, online günstiger.</p><p>TPD2-konform. Dieses Produkt kann Nikotin enthalten: einen Stoff, der abhängig macht. Abgabe nur ab 18 Jahren. Batteriehinweise siehe Batteriegesetz-Seite.</p>",Elf Bar,Vape,"vape, nikotin, age_restricted",TRUE,Title,Default Title,ELFBARPINKLEMONADEPO,shopify,4,deny,manual,11.10,11.95,TRUE,TRUE,active,Vapes & Liquids
purize-aktivkohlefilter,Purize Aktivkohlefilter,"<p>Purize Aktivkohlefilter – wie am Automaten in Aue &amp; Zwickau, online günstiger.</p><p>Zubehör aus dem Kiosk-Sortiment – Papers, Filter & mehr.</p>",Purize,Drehzubehör,drehzubehoer,TRUE,Title,Default Title,PURIZEAKTIVKOHLEFILT,shopify,4,deny,manual,8.30,8.90,TRUE,TRUE,active,Tabak & Drehzubehör
yfood-choco,Yfood Choco,"<p>Yfood Choco – wie am Automaten in Aue &amp; Zwickau, online günstiger.</p><p>Gut gekühlt am besten. Pfandartikel werden zzgl. Pfand berechnet.</p>",YFood,Getränk,getraenke,TRUE,Title,Default Title,YFOODCHOCO,shopify,4,deny,manual,4.20,4.50,TRUE,TRUE,active,Getränke
pringles-paprika,Pringles Paprika,"<p>Pringles Paprika – wie am Automaten in Aue &amp; Zwickau, online günstiger.</p><p>Der Snack für zwischendurch – direkt aus dem Kiosk-Sortiment.</p>",Pringles,Snack,snacks,TRUE,Title,Default Title,PRINGLESPAPRIKA,shopify,4,deny,manual,1.85,2.00,TRUE,TRUE,active,Snacks & Sweets
elfbar-800-mixed-berries,Elfbar 800 Mixed Berries,"<p>Elfbar 800 Mixed Berries – wie am Automaten in Aue &amp; Zwickau, online günstiger.</p><p>TPD2-konform. Dieses Produkt kann Nikotin enthalten: einen Stoff, der abhängig macht. Abgabe nur ab 18 Jahren. Batteriehinweise siehe Batteriegesetz-Seite.</p>",Elf Bar,Vape,"vape, nikotin, age_restricted",TRUE,Title,Default Title,ELFBAR800MIXEDBERRIE,shopify,4,deny,manual,10.20,10.95,TRUE,TRUE,active,Vapes & Liquids
yumyum-shrimp-cup,Yumyum Shrimp Cup,"<p>Yumyum Shrimp Cup – wie am Automaten in Aue &amp; Zwickau, online günstiger.</p><p>Der Snack für zwischendurch – direkt aus dem Kiosk-Sortiment.</p>",YumYum,Snack,snacks,TRUE,Title,Default Title,YUMYUMSHRIMPCUP,shopify,4,deny,manual,1.50,,TRUE,TRUE,active,Snacks & Sweets
randm-strawberry-donut-liquid,RandM Strawberry Donut Liquid,"<p>RandM Strawberry Donut Liquid – wie am Automaten in Aue &amp; Zwickau, online günstiger.</p><p>TPD2-konform. Dieses Produkt kann Nikotin enthalten: einen Stoff, der abhängig macht. Abgabe nur ab 18 Jahren. Batteriehinweise siehe Batteriegesetz-Seite.</p>",RandM / Fumot,Vape,"vape, nikotin, age_restricted",TRUE,Title,Default Title,RANDMSTRAWBERRYDONUT,shopify,4,deny,manual,11.10,11.95,TRUE,TRUE,active,Vapes & Liquids
onlygrams-wedding-cake-vape,Onlygrams Wedding Cake Vape,"<p>Onlygrams Wedding Cake Vape – wie am Automaten in Aue &amp; Zwickau, online günstiger.</p><p>Abgabe nur ab 18 Jahren. Verkauf nur im rechtlich zulässigen Rahmen; Produktangaben siehe Verpackung.</p>",OnlyGrams,Cannabinoid-Produkt,"onlygrams, age_restricted",TRUE,Title,Default Title,ONLYGRAMSWEDDINGCAKE,shopify,4,deny,manual,27.25,29.30,TRUE,TRUE,active,Onlygrams & H3BTA
kitkat,KitKat,"<p>KitKat – wie am Automaten in Aue &amp; Zwickau, online günstiger.</p><p>Der Snack für zwischendurch – direkt aus dem Kiosk-Sortiment.</p>",KitKat,Snack,snacks,TRUE,Title,Default Title,KITKAT,shopify,4,deny,manual,1.50,,TRUE,TRUE,active,Snacks & Sweets
elfbar-pods-pineapple-acai,Elfbar Pods Pineapple Acai,"<p>Elfbar Pods Pineapple Acai – wie am Automaten in Aue &amp; Zwickau, online günstiger.</p><p>TPD2-konform. Dieses Produkt kann Nikotin enthalten: einen Stoff, der abhängig macht. Abgabe nur ab 18 Jahren. Batteriehinweise siehe Batteriegesetz-Seite.</p>",Elf Bar,Vape,"vape, nikotin, age_restricted",TRUE,Title,Default Title,ELFBARPODSPINEAPPLEA,shopify,4,deny,manual,11.10,11.95,TRUE,TRUE,active,Vapes & Liquids
og-420-limited-edition,OG 420 Limited Edition,"<p>OG 420 Limited Edition – wie am Automaten in Aue &amp; Zwickau, online günstiger.</p><p>Abgabe nur ab 18 Jahren. Verkauf nur im rechtlich zulässigen Rahmen; Produktangaben siehe Verpackung.</p>",OG,Cannabinoid-Produkt,"onlygrams, age_restricted",TRUE,Title,Default Title,OG420LIMITEDEDITION,shopify,4,deny,manual,20.90,22.50,TRUE,TRUE,active,Onlygrams & H3BTA
skittle-rot,Skittle Rot,"<p>Skittle Rot – wie am Automaten in Aue &amp; Zwickau, online günstiger.</p><p>Der Snack für zwischendurch – direkt aus dem Kiosk-Sortiment.</p>",Skittles,Snack,snacks,TRUE,Title,Default Title,SKITTLEROT,shopify,4,deny,manual,1.50,,TRUE,TRUE,active,Snacks & Sweets
feigling,Feigling,"<p>Feigling – wie am Automaten in Aue &amp; Zwickau, online günstiger.</p><p>Alkoholhaltiges Getränk – Abgabe nur ab 18 Jahren. Bitte verantwortungsvoll genießen.</p>",Feigling,Alkoholisches Getränk,"alkohol, age_restricted",TRUE,Title,Default Title,FEIGLING,shopify,4,deny,manual,2.30,2.50,TRUE,TRUE,active,Bier & Spirituosen
bifi,Bifi,"<p>Bifi – wie am Automaten in Aue &amp; Zwickau, online günstiger.</p><p>Der Snack für zwischendurch – direkt aus dem Kiosk-Sortiment.</p>",BiFi,Snack,snacks,TRUE,Title,Default Title,BIFI,shopify,4,deny,manual,1.10,,TRUE,TRUE,active,Snacks & Sweets
takis-fuego,Takis Fuego,"<p>Takis Fuego – wie am Automaten in Aue &amp; Zwickau, online günstiger.</p><p>Der Snack für zwischendurch – direkt aus dem Kiosk-Sortiment.</p>",Takis,Snack,snacks,TRUE,Title,Default Title,TAKISFUEGO,shopify,4,deny,manual,3.25,3.50,TRUE,TRUE,active,Snacks & Sweets
onlygrams-prerolls-pineapple,Onlygrams PREROLLS Pineapple,"<p>Onlygrams PREROLLS Pineapple – wie am Automaten in Aue &amp; Zwickau, online günstiger.</p><p>Abgabe nur ab 18 Jahren. Verkauf nur im rechtlich zulässigen Rahmen; Produktangaben siehe Verpackung.</p>",OnlyGrams,Cannabinoid-Produkt,"onlygrams, age_restricted",TRUE,Title,Default Title,ONLYGRAMSPREROLLSPIN,shopify,4,deny,manual,25.95,27.90,TRUE,TRUE,active,Onlygrams & H3BTA
elfbar-800-coconut-blueberry,Elfbar 800 Coconut Blueberry,"<p>Elfbar 800 Coconut Blueberry – wie am Automaten in Aue &amp; Zwickau, online günstiger.</p><p>TPD2-konform. Dieses Produkt kann Nikotin enthalten: einen Stoff, der abhängig macht. Abgabe nur ab 18 Jahren. Batteriehinweise siehe Batteriegesetz-Seite.</p>",Elf Bar,Vape,"vape, nikotin, age_restricted",TRUE,Title,Default Title,ELFBAR800COCONUTBLUE,shopify,4,deny,manual,10.20,10.95,TRUE,TRUE,active,Vapes & Liquids
panini-sticker,Panini Sticker,"<p>Panini Sticker – wie am Automaten in Aue &amp; Zwickau, online günstiger.</p><p>Trend-Artikel aus dem Kiosk-Sortiment.</p>",Panini,Trend-Artikel,sonstiges,TRUE,Title,Default Title,PANINISTICKER,shopify,4,deny,manual,2.30,2.50,TRUE,TRUE,active,Sonstiges & Trend
happy-amsterdam-cherry-kush,Happy Amsterdam Cherry Kush,"<p>Happy Amsterdam Cherry Kush – wie am Automaten in Aue &amp; Zwickau, online günstiger.</p><p>Bekannt von unseren Automaten in Aue und Zwickau. Abgabe nur ab 18 Jahren. Verkauf nur im rechtlich zulässigen Rahmen; Produktangaben siehe Verpackung.</p>",Happy's Amsterdam,Cannabinoid-Produkt,"happys, age_restricted",TRUE,Title,Default Title,HAPPYAMSTERDAMCHERRY,shopify,4,deny,manual,26.40,28.40,TRUE,TRUE,active,Happy's Amsterdam
fanta-fruit-twist,Fanta Fruit Twist,"<p>Fanta Fruit Twist – wie am Automaten in Aue &amp; Zwickau, online günstiger.</p><p>Gut gekühlt am besten. Pfandartikel werden zzgl. Pfand berechnet.</p>",Fanta,Getränk,getraenke,TRUE,Title,Default Title,FANTAFRUITTWIST,shopify,4,deny,manual,1.85,2.00,TRUE,TRUE,active,Getränke
durex-3er,Durex 3er,"<p>Durex 3er – wie am Automaten in Aue &amp; Zwickau, online günstiger.</p><p>Trend-Artikel aus dem Kiosk-Sortiment.</p>",Durex,Trend-Artikel,sonstiges,TRUE,Title,Default Title,DUREX3ER,shopify,4,deny,manual,5.50,5.90,TRUE,TRUE,active,Sonstiges & Trend
effect-vodka-energy,effect Vodka Energy,"<p>effect Vodka Energy – wie am Automaten in Aue &amp; Zwickau, online günstiger.</p><p>Alkoholhaltiges Getränk – Abgabe nur ab 18 Jahren. Bitte verantwortungsvoll genießen.</p>",Effect,Alkoholisches Getränk,"alkohol, age_restricted",TRUE,Title,Default Title,EFFECTVODKAENERGY,shopify,4,deny,manual,3.25,3.50,TRUE,TRUE,active,Bier & Spirituosen
freezes-rainbow,FREEZES Rainbow,"<p>FREEZES Rainbow – wie am Automaten in Aue &amp; Zwickau, online günstiger.</p><p>Der Snack für zwischendurch – direkt aus dem Kiosk-Sortiment.</p>",FREEZES,Snack,snacks,TRUE,Title,Default Title,FREEZESRAINBOW,shopify,4,deny,manual,2.30,2.50,TRUE,TRUE,active,Snacks & Sweets
labubu-white-schokolade,Labubu White Schokolade,"<p>Labubu White Schokolade – wie am Automaten in Aue &amp; Zwickau, online günstiger.</p><p>Der Snack für zwischendurch – direkt aus dem Kiosk-Sortiment.</p>",Labubu,Snack,snacks,TRUE,Title,Default Title,LABUBUWHITESCHOKOLAD,shopify,3,deny,manual,2.30,2.50,TRUE,TRUE,active,Snacks & Sweets
nescafe-espresso-machiatto,Nescafe Espresso Machiatto,"<p>Nescafe Espresso Machiatto – wie am Automaten in Aue &amp; Zwickau, online günstiger.</p><p>Gut gekühlt am besten. Pfandartikel werden zzgl. Pfand berechnet.</p>",Nescafé,Getränk,getraenke,TRUE,Title,Default Title,NESCAFEESPRESSOMACHI,shopify,3,deny,manual,2.30,2.50,TRUE,TRUE,active,Getränke
elfliq-blackberry-lemon,ELFLIQ Blackberry Lemon,"<p>ELFLIQ Blackberry Lemon – wie am Automaten in Aue &amp; Zwickau, online günstiger.</p><p>TPD2-konform. Dieses Produkt kann Nikotin enthalten: einen Stoff, der abhängig macht. Abgabe nur ab 18 Jahren. Batteriehinweise siehe Batteriegesetz-Seite.</p>",Elf Bar,Vape,"vape, nikotin, age_restricted",TRUE,Title,Default Title,ELFLIQBLACKBERRYLEMO,shopify,3,deny,manual,12.70,13.65,TRUE,TRUE,active,Vapes & Liquids
onlygrams-strawberry-cough-prerolls,Onlygrams Strawberry Cough Prerolls,"<p>Onlygrams Strawberry Cough Prerolls – wie am Automaten in Aue &amp; Zwickau, online günstiger.</p><p>Abgabe nur ab 18 Jahren. Verkauf nur im rechtlich zulässigen Rahmen; Produktangaben siehe Verpackung.</p>",OnlyGrams,Cannabinoid-Produkt,"onlygrams, age_restricted",TRUE,Title,Default Title,ONLYGRAMSSTRAWBERRYC,shopify,3,deny,manual,25.95,27.90,TRUE,TRUE,active,Onlygrams & H3BTA
lipton-sparkling-pfirisch,Lipton Sparkling Pfirisch,"<p>Lipton Sparkling Pfirisch – wie am Automaten in Aue &amp; Zwickau, online günstiger.</p><p>Gut gekühlt am besten. Pfandartikel werden zzgl. Pfand berechnet.</p>",Lipton,Getränk,getraenke,TRUE,Title,Default Title,LIPTONSPARKLINGPFIRI,shopify,3,deny,manual,1.85,2.00,TRUE,TRUE,active,Getränke
red-bull-summer-edition-2026-zuckerfrei,Red Bull Summer Edition 2026 zuckerfrei,"<p>Red Bull Summer Edition 2026 zuckerfrei – wie am Automaten in Aue &amp; Zwickau, online günstiger.</p><p>Gut gekühlt am besten. Pfandartikel werden zzgl. Pfand berechnet.</p>",Red Bull,Getränk,getraenke,TRUE,Title,Default Title,REDBULLSUMMEREDITION,shopify,3,deny,manual,2.60,2.80,TRUE,TRUE,active,Getränke
happy-amsterdam-forbidden-fruit,Happy Amsterdam Forbidden Fruit,"<p>Happy Amsterdam Forbidden Fruit – wie am Automaten in Aue &amp; Zwickau, online günstiger.</p><p>Bekannt von unseren Automaten in Aue und Zwickau. Abgabe nur ab 18 Jahren. Verkauf nur im rechtlich zulässigen Rahmen; Produktangaben siehe Verpackung.</p>",Happy's Amsterdam,Cannabinoid-Produkt,"happys, age_restricted",TRUE,Title,Default Title,HAPPYAMSTERDAMFORBID,shopify,3,deny,manual,26.25,28.20,TRUE,TRUE,active,Happy's Amsterdam
elfbar-800-cherry,Elfbar 800 Cherry,"<p>Elfbar 800 Cherry – wie am Automaten in Aue &amp; Zwickau, online günstiger.</p><p>TPD2-konform. Dieses Produkt kann Nikotin enthalten: einen Stoff, der abhängig macht. Abgabe nur ab 18 Jahren. Batteriehinweise siehe Batteriegesetz-Seite.</p>",Elf Bar,Vape,"vape, nikotin, age_restricted",TRUE,Title,Default Title,ELFBAR800CHERRY,shopify,3,deny,manual,10.20,10.95,TRUE,TRUE,active,Vapes & Liquids
fanta-mango-drachenfrucht,Fanta Mango Drachenfrucht,"<p>Fanta Mango Drachenfrucht – wie am Automaten in Aue &amp; Zwickau, online günstiger.</p><p>Gut gekühlt am besten. Pfandartikel werden zzgl. Pfand berechnet.</p>",Fanta,Getränk,getraenke,TRUE,Title,Default Title,FANTAMANGODRACHENFRU,shopify,3,deny,manual,2.05,2.20,TRUE,TRUE,active,Getränke
kakaomilch,Kakaomilch,"<p>Kakaomilch – wie am Automaten in Aue &amp; Zwickau, online günstiger.</p><p>Gut gekühlt am besten. Pfandartikel werden zzgl. Pfand berechnet.</p>",Kakaomilch,Getränk,getraenke,TRUE,Title,Default Title,KAKAOMILCH,shopify,3,deny,manual,2.80,3.00,TRUE,TRUE,active,Getränke
elfbar-pods-pineapple-coconut,Elfbar Pods Pineapple Coconut,"<p>Elfbar Pods Pineapple Coconut – wie am Automaten in Aue &amp; Zwickau, online günstiger.</p><p>TPD2-konform. Dieses Produkt kann Nikotin enthalten: einen Stoff, der abhängig macht. Abgabe nur ab 18 Jahren. Batteriehinweise siehe Batteriegesetz-Seite.</p>",Elf Bar,Vape,"vape, nikotin, age_restricted",TRUE,Title,Default Title,ELFBARPODSPINEAPPLEC,shopify,3,deny,manual,11.10,11.95,TRUE,TRUE,active,Vapes & Liquids
randm-pink-lemonade-liquid,RandM Pink Lemonade Liquid,"<p>RandM Pink Lemonade Liquid – wie am Automaten in Aue &amp; Zwickau, online günstiger.</p><p>TPD2-konform. Dieses Produkt kann Nikotin enthalten: einen Stoff, der abhängig macht. Abgabe nur ab 18 Jahren. Batteriehinweise siehe Batteriegesetz-Seite.</p>",RandM / Fumot,Vape,"vape, nikotin, age_restricted",TRUE,Title,Default Title,RANDMPINKLEMONADELIQ,shopify,3,deny,manual,11.10,11.95,TRUE,TRUE,active,Vapes & Liquids
elfbar-apple-peach-pods,Elfbar Apple Peach Pods,"<p>Elfbar Apple Peach Pods – wie am Automaten in Aue &amp; Zwickau, online günstiger.</p><p>TPD2-konform. Dieses Produkt kann Nikotin enthalten: einen Stoff, der abhängig macht. Abgabe nur ab 18 Jahren. Batteriehinweise siehe Batteriegesetz-Seite.</p>",Elf Bar,Vape,"vape, nikotin, age_restricted",TRUE,Title,Default Title,ELFBARAPPLEPEACHPODS,shopify,3,deny,manual,11.10,11.95,TRUE,TRUE,active,Vapes & Liquids
randm-tropical-energy-liquid,RandM Tropical Energy Liquid,"<p>RandM Tropical Energy Liquid – wie am Automaten in Aue &amp; Zwickau, online günstiger.</p><p>TPD2-konform. Dieses Produkt kann Nikotin enthalten: einen Stoff, der abhängig macht. Abgabe nur ab 18 Jahren. Batteriehinweise siehe Batteriegesetz-Seite.</p>",RandM / Fumot,Vape,"vape, nikotin, age_restricted",TRUE,Title,Default Title,RANDMTROPICALENERGYL,shopify,3,deny,manual,11.10,11.95,TRUE,TRUE,active,Vapes & Liquids
becks-0-5,"Becks 0,5","<p>Becks 0,5 – wie am Automaten in Aue &amp; Zwickau, online günstiger.</p><p>Alkoholhaltiges Getränk – Abgabe nur ab 18 Jahren. Bitte verantwortungsvoll genießen.</p>",Beck's,Alkoholisches Getränk,"alkohol, age_restricted",TRUE,Title,Default Title,BECKS05,shopify,3,deny,manual,2.70,2.90,TRUE,TRUE,active,Bier & Spirituosen
yumyum-chicken,YumYum Chicken,"<p>YumYum Chicken – wie am Automaten in Aue &amp; Zwickau, online günstiger.</p><p>Der Snack für zwischendurch – direkt aus dem Kiosk-Sortiment.</p>",YumYum,Snack,snacks,TRUE,Title,Default Title,YUMYUMCHICKEN,shopify,3,deny,manual,1.50,,TRUE,TRUE,active,Snacks & Sweets
elfbar-mix-berries-pods,Elfbar Mix Berries Pods,"<p>Elfbar Mix Berries Pods – wie am Automaten in Aue &amp; Zwickau, online günstiger.</p><p>TPD2-konform. Dieses Produkt kann Nikotin enthalten: einen Stoff, der abhängig macht. Abgabe nur ab 18 Jahren. Batteriehinweise siehe Batteriegesetz-Seite.</p>",Elf Bar,Vape,"vape, nikotin, age_restricted",TRUE,Title,Default Title,ELFBARMIXBERRIESPODS,shopify,3,deny,manual,11.10,11.95,TRUE,TRUE,active,Vapes & Liquids
siberia-white-dry,Siberia White Dry,"<p>Siberia White Dry – wie am Automaten in Aue &amp; Zwickau, online günstiger.</p><p>Rauchen fügt Ihnen und den Menschen in Ihrer Umgebung erheblichen Schaden zu. Abgabe nur ab 18 Jahren.</p>",Siberia,Tabakware,"tabak, age_restricted",TRUE,Title,Default Title,SIBERIAWHITEDRY,shopify,3,deny,manual,9.20,9.90,TRUE,TRUE,active,Tabak & Drehzubehör
elfliq-pineapple-coconut,ELFLIQ Pineapple Coconut,"<p>ELFLIQ Pineapple Coconut – wie am Automaten in Aue &amp; Zwickau, online günstiger.</p><p>TPD2-konform. Dieses Produkt kann Nikotin enthalten: einen Stoff, der abhängig macht. Abgabe nur ab 18 Jahren. Batteriehinweise siehe Batteriegesetz-Seite.</p>",Elf Bar,Vape,"vape, nikotin, age_restricted",TRUE,Title,Default Title,ELFLIQPINEAPPLECOCON,shopify,3,deny,manual,12.95,13.95,TRUE,TRUE,active,Vapes & Liquids
mars,Mars,"<p>Mars – wie am Automaten in Aue &amp; Zwickau, online günstiger.</p><p>Der Snack für zwischendurch – direkt aus dem Kiosk-Sortiment.</p>",Mars,Snack,snacks,TRUE,Title,Default Title,MARS,shopify,3,deny,manual,1.50,,TRUE,TRUE,active,Snacks & Sweets
mezzo-mix,Mezzo Mix,"<p>Mezzo Mix – wie am Automaten in Aue &amp; Zwickau, online günstiger.</p><p>Gut gekühlt am besten. Pfandartikel werden zzgl. Pfand berechnet.</p>",Mezzo Mix,Getränk,getraenke,TRUE,Title,Default Title,MEZZOMIX,shopify,3,deny,manual,2.15,2.30,TRUE,TRUE,active,Getränke
milka-schokomilch,Milka Schokomilch,"<p>Milka Schokomilch – wie am Automaten in Aue &amp; Zwickau, online günstiger.</p><p>Gut gekühlt am besten. Pfandartikel werden zzgl. Pfand berechnet.</p>",Milka,Getränk,getraenke,TRUE,Title,Default Title,MILKASCHOKOMILCH,shopify,3,deny,manual,2.80,3.00,TRUE,TRUE,active,Getränke
mundm-choco,M&M Choco,"<p>M&M Choco – wie am Automaten in Aue &amp; Zwickau, online günstiger.</p><p>Der Snack für zwischendurch – direkt aus dem Kiosk-Sortiment.</p>",M&M's,Snack,snacks,TRUE,Title,Default Title,MUNDMCHOCO,shopify,3,deny,manual,1.50,,TRUE,TRUE,active,Snacks & Sweets
yumyum-duck-cup,YumYum Duck Cup,"<p>YumYum Duck Cup – wie am Automaten in Aue &amp; Zwickau, online günstiger.</p><p>Der Snack für zwischendurch – direkt aus dem Kiosk-Sortiment.</p>",YumYum,Snack,snacks,TRUE,Title,Default Title,YUMYUMDUCKCUP,shopify,3,deny,manual,1.50,,TRUE,TRUE,active,Snacks & Sweets
onlygrams-blackberry-ice-vape,Onlygrams Blackberry Ice Vape,"<p>Onlygrams Blackberry Ice Vape – wie am Automaten in Aue &amp; Zwickau, online günstiger.</p><p>Abgabe nur ab 18 Jahren. Verkauf nur im rechtlich zulässigen Rahmen; Produktangaben siehe Verpackung.</p>",OnlyGrams,Cannabinoid-Produkt,"onlygrams, age_restricted",TRUE,Title,Default Title,ONLYGRAMSBLACKBERRYI,shopify,3,deny,manual,27.80,29.90,TRUE,TRUE,active,Onlygrams & H3BTA
paulaner-limo-orange,Paulaner Limo Orange,"<p>Paulaner Limo Orange – wie am Automaten in Aue &amp; Zwickau, online günstiger.</p><p>Gut gekühlt am besten. Pfandartikel werden zzgl. Pfand berechnet.</p>",Paulaner,Getränk,getraenke,TRUE,Title,Default Title,PAULANERLIMOORANGE,shopify,3,deny,manual,1.85,2.00,TRUE,TRUE,active,Getränke
randm-grape-ice-liquid,RandM Grape Ice Liquid,"<p>RandM Grape Ice Liquid – wie am Automaten in Aue &amp; Zwickau, online günstiger.</p><p>TPD2-konform. Dieses Produkt kann Nikotin enthalten: einen Stoff, der abhängig macht. Abgabe nur ab 18 Jahren. Batteriehinweise siehe Batteriegesetz-Seite.</p>",RandM / Fumot,Vape,"vape, nikotin, age_restricted",TRUE,Title,Default Title,RANDMGRAPEICELIQUID,shopify,3,deny,manual,11.10,11.95,TRUE,TRUE,active,Vapes & Liquids
crazy-dips,Crazy Dips,"<p>Crazy Dips – wie am Automaten in Aue &amp; Zwickau, online günstiger.</p><p>Der Snack für zwischendurch – direkt aus dem Kiosk-Sortiment.</p>",Crazy,Snack,snacks,TRUE,Title,Default Title,CRAZYDIPS,shopify,3,deny,manual,1.50,,TRUE,TRUE,active,Snacks & Sweets
elfliq-grape,Elfliq Grape,"<p>Elfliq Grape – wie am Automaten in Aue &amp; Zwickau, online günstiger.</p><p>TPD2-konform. Dieses Produkt kann Nikotin enthalten: einen Stoff, der abhängig macht. Abgabe nur ab 18 Jahren. Batteriehinweise siehe Batteriegesetz-Seite.</p>",Elf Bar,Vape,"vape, nikotin, age_restricted",TRUE,Title,Default Title,ELFLIQGRAPE,shopify,3,deny,manual,11.10,11.95,TRUE,TRUE,active,Vapes & Liquids
erdnuesse,Erdnüsse,"<p>Erdnüsse – wie am Automaten in Aue &amp; Zwickau, online günstiger.</p><p>Der Snack für zwischendurch – direkt aus dem Kiosk-Sortiment.</p>",Erdnüsse,Snack,snacks,TRUE,Title,Default Title,ERDNUESSE,shopify,3,deny,manual,1.85,2.00,TRUE,TRUE,active,Snacks & Sweets
kong-crunch-cheese,Kong Crunch Cheese,"<p>Kong Crunch Cheese – wie am Automaten in Aue &amp; Zwickau, online günstiger.</p><p>Der Snack für zwischendurch – direkt aus dem Kiosk-Sortiment.</p>",Kong Crunch,Snack,snacks,TRUE,Title,Default Title,KONGCRUNCHCHEESE,shopify,3,deny,manual,3.25,3.50,TRUE,TRUE,active,Snacks & Sweets
massiv-zahnstocher-bruderherz,Massiv Zahnstocher Bruderherz,"<p>Massiv Zahnstocher Bruderherz – wie am Automaten in Aue &amp; Zwickau, online günstiger.</p><p>Trend-Artikel aus dem Kiosk-Sortiment.</p>",Massiv,Trend-Artikel,sonstiges,TRUE,Title,Default Title,MASSIVZAHNSTOCHERBRU,shopify,3,deny,manual,6.40,6.90,TRUE,TRUE,active,Sonstiges & Trend
elfliq-sour-apple,Elfliq Sour Apple,"<p>Elfliq Sour Apple – wie am Automaten in Aue &amp; Zwickau, online günstiger.</p><p>TPD2-konform. Dieses Produkt kann Nikotin enthalten: einen Stoff, der abhängig macht. Abgabe nur ab 18 Jahren. Batteriehinweise siehe Batteriegesetz-Seite.</p>",Elf Bar,Vape,"vape, nikotin, age_restricted",TRUE,Title,Default Title,ELFLIQSOURAPPLE,shopify,3,deny,manual,11.10,11.95,TRUE,TRUE,active,Vapes & Liquids
h3bta-red-runtz,H3BTA Red Runtz,"<p>H3BTA Red Runtz – wie am Automaten in Aue &amp; Zwickau, online günstiger.</p><p>Abgabe nur ab 18 Jahren. Verkauf nur im rechtlich zulässigen Rahmen; Produktangaben siehe Verpackung.</p>",H3BTA,Cannabinoid-Produkt,"onlygrams, age_restricted",TRUE,Title,Default Title,H3BTAREDRUNTZ,shopify,3,deny,manual,24.10,25.90,TRUE,TRUE,active,Onlygrams & H3BTA
elfbar-800-dragon-fruit-strawberry,Elfbar 800 Dragon Fruit Strawberry,"<p>Elfbar 800 Dragon Fruit Strawberry – wie am Automaten in Aue &amp; Zwickau, online günstiger.</p><p>TPD2-konform. Dieses Produkt kann Nikotin enthalten: einen Stoff, der abhängig macht. Abgabe nur ab 18 Jahren. Batteriehinweise siehe Batteriegesetz-Seite.</p>",Elf Bar,Vape,"vape, nikotin, age_restricted",TRUE,Title,Default Title,ELFBAR800DRAGONFRUIT,shopify,3,deny,manual,10.20,10.95,TRUE,TRUE,active,Vapes & Liquids
hitschies-blaue-schnuere,Hitschies Blaue Schnüre,"<p>Hitschies Blaue Schnüre – wie am Automaten in Aue &amp; Zwickau, online günstiger.</p><p>Der Snack für zwischendurch – direkt aus dem Kiosk-Sortiment.</p>",Hitschler,Snack,snacks,TRUE,Title,Default Title,HITSCHIESBLAUESCHNUE,shopify,3,deny,manual,2.30,2.50,TRUE,TRUE,active,Snacks & Sweets
elfbar-lemon-mint-pods,Elfbar Lemon Mint Pods,"<p>Elfbar Lemon Mint Pods – wie am Automaten in Aue &amp; Zwickau, online günstiger.</p><p>TPD2-konform. Dieses Produkt kann Nikotin enthalten: einen Stoff, der abhängig macht. Abgabe nur ab 18 Jahren. Batteriehinweise siehe Batteriegesetz-Seite.</p>",Elf Bar,Vape,"vape, nikotin, age_restricted",TRUE,Title,Default Title,ELFBARLEMONMINTPODS,shopify,3,deny,manual,11.10,11.95,TRUE,TRUE,active,Vapes & Liquids
starbucks-creamy-coffee,Starbucks Creamy Coffee,"<p>Starbucks Creamy Coffee – wie am Automaten in Aue &amp; Zwickau, online günstiger.</p><p>Gut gekühlt am besten. Pfandartikel werden zzgl. Pfand berechnet.</p>",Starbucks,Getränk,getraenke,TRUE,Title,Default Title,STARBUCKSCREAMYCOFFE,shopify,3,deny,manual,2.70,2.90,TRUE,TRUE,active,Getränke
hitschies-saure-spinnenbeine,Hitschies Saure Spinnenbeine,"<p>Hitschies Saure Spinnenbeine – wie am Automaten in Aue &amp; Zwickau, online günstiger.</p><p>Der Snack für zwischendurch – direkt aus dem Kiosk-Sortiment.</p>",Hitschler,Snack,snacks,TRUE,Title,Default Title,HITSCHIESSAURESPINNE,shopify,3,deny,manual,2.30,2.50,TRUE,TRUE,active,Snacks & Sweets
elfbar-blueberry-snoow-pods,Elfbar Blueberry Snoow Pods,"<p>Elfbar Blueberry Snoow Pods – wie am Automaten in Aue &amp; Zwickau, online günstiger.</p><p>TPD2-konform. Dieses Produkt kann Nikotin enthalten: einen Stoff, der abhängig macht. Abgabe nur ab 18 Jahren. Batteriehinweise siehe Batteriegesetz-Seite.</p>",Elf Bar,Vape,"vape, nikotin, age_restricted",TRUE,Title,Default Title,ELFBARBLUEBERRYSNOOW,shopify,3,deny,manual,11.10,11.95,TRUE,TRUE,active,Vapes & Liquids
hubba-blau,Hubba Blau,"<p>Hubba Blau – wie am Automaten in Aue &amp; Zwickau, online günstiger.</p><p>Der Snack für zwischendurch – direkt aus dem Kiosk-Sortiment.</p>",Hubba Bubba,Snack,snacks,TRUE,Title,Default Title,HUBBABLAU,shopify,3,deny,manual,2.30,2.50,TRUE,TRUE,active,Snacks & Sweets
reeses-2er,Reeses 2er,"<p>Reeses 2er – wie am Automaten in Aue &amp; Zwickau, online günstiger.</p><p>Der Snack für zwischendurch – direkt aus dem Kiosk-Sortiment.</p>",Reese's,Snack,snacks,TRUE,Title,Default Title,REESES2ER,shopify,3,deny,manual,1.50,1.60,TRUE,TRUE,active,Snacks & Sweets
elfliq-strawberry-raspberry-cherry-ice,Elfliq Strawberry Raspberry Cherry Ice,"<p>Elfliq Strawberry Raspberry Cherry Ice – wie am Automaten in Aue &amp; Zwickau, online günstiger.</p><p>TPD2-konform. Dieses Produkt kann Nikotin enthalten: einen Stoff, der abhängig macht. Abgabe nur ab 18 Jahren. Batteriehinweise siehe Batteriegesetz-Seite.</p>",Elf Bar,Vape,"vape, nikotin, age_restricted",TRUE,Title,Default Title,ELFLIQSTRAWBERRYRASP,shopify,3,deny,manual,11.10,11.95,TRUE,TRUE,active,Vapes & Liquids
randm-strawberrywatermelon-bubblegum-liquid,RandM StrawberryWatermelon Bubblegum Liquid,"<p>RandM StrawberryWatermelon Bubblegum Liquid – wie am Automaten in Aue &amp; Zwickau, online günstiger.</p><p>TPD2-konform. Dieses Produkt kann Nikotin enthalten: einen Stoff, der abhängig macht. Abgabe nur ab 18 Jahren. Batteriehinweise siehe Batteriegesetz-Seite.</p>",RandM / Fumot,Vape,"vape, nikotin, age_restricted",TRUE,Title,Default Title,RANDMSTRAWBERRYWATER,shopify,3,deny,manual,11.10,11.95,TRUE,TRUE,active,Vapes & Liquids
onlygrams-kiwi-kush-vape,Onlygrams Kiwi Kush Vape,"<p>Onlygrams Kiwi Kush Vape – wie am Automaten in Aue &amp; Zwickau, online günstiger.</p><p>Abgabe nur ab 18 Jahren. Verkauf nur im rechtlich zulässigen Rahmen; Produktangaben siehe Verpackung.</p>",OnlyGrams,Cannabinoid-Produkt,"onlygrams, age_restricted",TRUE,Title,Default Title,ONLYGRAMSKIWIKUSHVAP,shopify,3,deny,manual,27.80,29.90,TRUE,TRUE,active,Onlygrams & H3BTA
randm-blue-razz-cherry-liquid,RandM Blue Razz Cherry Liquid,"<p>RandM Blue Razz Cherry Liquid – wie am Automaten in Aue &amp; Zwickau, online günstiger.</p><p>TPD2-konform. Dieses Produkt kann Nikotin enthalten: einen Stoff, der abhängig macht. Abgabe nur ab 18 Jahren. Batteriehinweise siehe Batteriegesetz-Seite.</p>",RandM / Fumot,Vape,"vape, nikotin, age_restricted",TRUE,Title,Default Title,RANDMBLUERAZZCHERRYL,shopify,3,deny,manual,11.10,11.95,TRUE,TRUE,active,Vapes & Liquids
elfbar-pods-cola-orange,Elfbar Pods Cola Orange,"<p>Elfbar Pods Cola Orange – wie am Automaten in Aue &amp; Zwickau, online günstiger.</p><p>TPD2-konform. Dieses Produkt kann Nikotin enthalten: einen Stoff, der abhängig macht. Abgabe nur ab 18 Jahren. Batteriehinweise siehe Batteriegesetz-Seite.</p>",Elf Bar,Vape,"vape, nikotin, age_restricted",TRUE,Title,Default Title,ELFBARPODSCOLAORANGE,shopify,3,deny,manual,11.10,11.95,TRUE,TRUE,active,Vapes & Liquids
effect-habibiberry,Effect Habibiberry,"<p>Effect Habibiberry – wie am Automaten in Aue &amp; Zwickau, online günstiger.</p><p>Gut gekühlt am besten. Pfandartikel werden zzgl. Pfand berechnet.</p>",Effect,Getränk,getraenke,TRUE,Title,Default Title,EFFECTHABIBIBERRY,shopify,3,deny,manual,2.30,2.50,TRUE,TRUE,active,Getränke
elfliq-cherry-cola,ELFLIQ Cherry Cola,"<p>ELFLIQ Cherry Cola – wie am Automaten in Aue &amp; Zwickau, online günstiger.</p><p>TPD2-konform. Dieses Produkt kann Nikotin enthalten: einen Stoff, der abhängig macht. Abgabe nur ab 18 Jahren. Batteriehinweise siehe Batteriegesetz-Seite.</p>",Elf Bar,Vape,"vape, nikotin, age_restricted",TRUE,Title,Default Title,ELFLIQCHERRYCOLA,shopify,3,deny,manual,11.10,11.95,TRUE,TRUE,active,Vapes & Liquids
buldak-huhn-scharf,Buldak Huhn Scharf,"<p>Buldak Huhn Scharf – wie am Automaten in Aue &amp; Zwickau, online günstiger.</p><p>Der Snack für zwischendurch – direkt aus dem Kiosk-Sortiment.</p>",Samyang,Snack,snacks,TRUE,Title,Default Title,BULDAKHUHNSCHARF,shopify,3,deny,manual,2.30,2.50,TRUE,TRUE,active,Snacks & Sweets
elfliq-lemon-mint,ELFLIQ Lemon Mint,"<p>ELFLIQ Lemon Mint – wie am Automaten in Aue &amp; Zwickau, online günstiger.</p><p>TPD2-konform. Dieses Produkt kann Nikotin enthalten: einen Stoff, der abhängig macht. Abgabe nur ab 18 Jahren. Batteriehinweise siehe Batteriegesetz-Seite.</p>",Elf Bar,Vape,"vape, nikotin, age_restricted",TRUE,Title,Default Title,ELFLIQLEMONMINT,shopify,3,deny,manual,11.10,11.95,TRUE,TRUE,active,Vapes & Liquids
hubba-pink,Hubba Pink,"<p>Hubba Pink – wie am Automaten in Aue &amp; Zwickau, online günstiger.</p><p>Der Snack für zwischendurch – direkt aus dem Kiosk-Sortiment.</p>",Hubba Bubba,Snack,snacks,TRUE,Title,Default Title,HUBBAPINK,shopify,3,deny,manual,2.30,2.50,TRUE,TRUE,active,Snacks & Sweets
hitschies-saure-drachenzungen-rot,Hitschies Saure Drachenzungen Rot,"<p>Hitschies Saure Drachenzungen Rot – wie am Automaten in Aue &amp; Zwickau, online günstiger.</p><p>Der Snack für zwischendurch – direkt aus dem Kiosk-Sortiment.</p>",Hitschler,Snack,snacks,TRUE,Title,Default Title,HITSCHIESSAUREDRACHE,shopify,3,deny,manual,2.30,2.50,TRUE,TRUE,active,Snacks & Sweets
elfliq-lemon-peach-passion-fruit,ELFLIQ Lemon Peach Passion Fruit,"<p>ELFLIQ Lemon Peach Passion Fruit – wie am Automaten in Aue &amp; Zwickau, online günstiger.</p><p>TPD2-konform. Dieses Produkt kann Nikotin enthalten: einen Stoff, der abhängig macht. Abgabe nur ab 18 Jahren. Batteriehinweise siehe Batteriegesetz-Seite.</p>",Elf Bar,Vape,"vape, nikotin, age_restricted",TRUE,Title,Default Title,ELFLIQLEMONPEACHPASS,shopify,3,deny,manual,11.10,11.95,TRUE,TRUE,active,Vapes & Liquids
havanna-club-cola,Havanna Club Cola,"<p>Havanna Club Cola – wie am Automaten in Aue &amp; Zwickau, online günstiger.</p><p>Alkoholhaltiges Getränk – Abgabe nur ab 18 Jahren. Bitte verantwortungsvoll genießen.</p>",Havana Club,Alkoholisches Getränk,"alkohol, age_restricted",TRUE,Title,Default Title,HAVANNACLUBCOLA,shopify,3,deny,manual,3.25,3.50,TRUE,TRUE,active,Bier & Spirituosen
hanuta,Hanuta,"<p>Hanuta – wie am Automaten in Aue &amp; Zwickau, online günstiger.</p><p>Der Snack für zwischendurch – direkt aus dem Kiosk-Sortiment.</p>",Ferrero,Snack,snacks,TRUE,Title,Default Title,HANUTA,shopify,3,deny,manual,1.85,2.00,TRUE,TRUE,active,Snacks & Sweets
elfx-mega-schwarz,Elfx Mega Schwarz,"<p>Elfx Mega Schwarz – wie am Automaten in Aue &amp; Zwickau, online günstiger.</p><p>TPD2-konform. Dieses Produkt kann Nikotin enthalten: einen Stoff, der abhängig macht. Abgabe nur ab 18 Jahren. Batteriehinweise siehe Batteriegesetz-Seite.</p>",Elf Bar,Vape,"vape, nikotin, age_restricted",TRUE,Title,Default Title,ELFXMEGASCHWARZ,shopify,3,deny,manual,23.15,24.90,TRUE,TRUE,active,Vapes & Liquids
lyne-berrypunch,LYNE Berrypunch,"<p>LYNE Berrypunch – wie am Automaten in Aue &amp; Zwickau, online günstiger.</p><p>TPD2-konform. Dieses Produkt kann Nikotin enthalten: einen Stoff, der abhängig macht. Abgabe nur ab 18 Jahren. Batteriehinweise siehe Batteriegesetz-Seite.</p>",LYNE,Vape,"vape, nikotin, age_restricted",TRUE,Title,Default Title,LYNEBERRYPUNCH,shopify,3,deny,manual,9.20,9.90,TRUE,TRUE,active,Vapes & Liquids
p-24seven-duftbaum-dark-ice,24SEVEN Duftbaum Dark Ice,"<p>24SEVEN Duftbaum Dark Ice – wie am Automaten in Aue &amp; Zwickau, online günstiger.</p><p>Trend-Artikel aus dem Kiosk-Sortiment.</p>",24SEVEN,Trend-Artikel,sonstiges,TRUE,Title,Default Title,P24SEVENDUFTBAUMDARK,shopify,3,deny,manual,1.85,2.00,TRUE,TRUE,active,Sonstiges & Trend
elfliq-peach-ice,Elfliq Peach Ice,"<p>Elfliq Peach Ice – wie am Automaten in Aue &amp; Zwickau, online günstiger.</p><p>TPD2-konform. Dieses Produkt kann Nikotin enthalten: einen Stoff, der abhängig macht. Abgabe nur ab 18 Jahren. Batteriehinweise siehe Batteriegesetz-Seite.</p>",Elf Bar,Vape,"vape, nikotin, age_restricted",TRUE,Title,Default Title,ELFLIQPEACHICE,shopify,3,deny,manual,11.10,11.95,TRUE,TRUE,active,Vapes & Liquids
berliner-luft,Berliner Luft,"<p>Berliner Luft – wie am Automaten in Aue &amp; Zwickau, online günstiger.</p><p>Alkoholhaltiges Getränk – Abgabe nur ab 18 Jahren. Bitte verantwortungsvoll genießen.</p>",Berliner,Alkoholisches Getränk,"alkohol, age_restricted",TRUE,Title,Default Title,BERLINERLUFT,shopify,3,deny,manual,11.15,12.00,TRUE,TRUE,active,Bier & Spirituosen
mundm-peanut,M&M Peanut,"<p>M&M Peanut – wie am Automaten in Aue &amp; Zwickau, online günstiger.</p><p>Der Snack für zwischendurch – direkt aus dem Kiosk-Sortiment.</p>",M&M's,Snack,snacks,TRUE,Title,Default Title,MUNDMPEANUT,shopify,3,deny,manual,1.50,,TRUE,TRUE,active,Snacks & Sweets
kong-crunch-blue-flame,Kong Crunch Blue Flame,"<p>Kong Crunch Blue Flame – wie am Automaten in Aue &amp; Zwickau, online günstiger.</p><p>Der Snack für zwischendurch – direkt aus dem Kiosk-Sortiment.</p>",Kong Crunch,Snack,snacks,TRUE,Title,Default Title,KONGCRUNCHBLUEFLAME,shopify,3,deny,manual,3.25,3.50,TRUE,TRUE,active,Snacks & Sweets
elfx-mega-leer-pod-10ml,Elfx Mega Leer Pod 10ML,"<p>Elfx Mega Leer Pod 10ML – wie am Automaten in Aue &amp; Zwickau, online günstiger.</p><p>TPD2-konform. Dieses Produkt kann Nikotin enthalten: einen Stoff, der abhängig macht. Abgabe nur ab 18 Jahren. Batteriehinweise siehe Batteriegesetz-Seite.</p>",Elf Bar,Vape,"vape, nikotin, age_restricted",TRUE,Title,Default Title,ELFXMEGALEERPOD10ML,shopify,3,deny,manual,9.20,9.90,TRUE,TRUE,active,Vapes & Liquids
elfbar-blue-razz-lemonade-pods,Elfbar Blue Razz Lemonade Pods,"<p>Elfbar Blue Razz Lemonade Pods – wie am Automaten in Aue &amp; Zwickau, online günstiger.</p><p>TPD2-konform. Dieses Produkt kann Nikotin enthalten: einen Stoff, der abhängig macht. Abgabe nur ab 18 Jahren. Batteriehinweise siehe Batteriegesetz-Seite.</p>",Elf Bar,Vape,"vape, nikotin, age_restricted",TRUE,Title,Default Title,ELFBARBLUERAZZLEMONA,shopify,3,deny,manual,11.10,11.95,TRUE,TRUE,active,Vapes & Liquids
elfliq-blackberry-ice,Elfliq Blackberry Ice,"<p>Elfliq Blackberry Ice – wie am Automaten in Aue &amp; Zwickau, online günstiger.</p><p>TPD2-konform. Dieses Produkt kann Nikotin enthalten: einen Stoff, der abhängig macht. Abgabe nur ab 18 Jahren. Batteriehinweise siehe Batteriegesetz-Seite.</p>",Elf Bar,Vape,"vape, nikotin, age_restricted",TRUE,Title,Default Title,ELFLIQBLACKBERRYICE,shopify,3,deny,manual,11.10,11.95,TRUE,TRUE,active,Vapes & Liquids
duplo-2er,Duplo 2er,"<p>Duplo 2er – wie am Automaten in Aue &amp; Zwickau, online günstiger.</p><p>Der Snack für zwischendurch – direkt aus dem Kiosk-Sortiment.</p>",Ferrero,Snack,snacks,TRUE,Title,Default Title,DUPLO2ER,shopify,3,deny,manual,1.50,,TRUE,TRUE,active,Snacks & Sweets
fanta-lemon-elderflower,Fanta Lemon Elderflower,"<p>Fanta Lemon Elderflower – wie am Automaten in Aue &amp; Zwickau, online günstiger.</p><p>Gut gekühlt am besten. Pfandartikel werden zzgl. Pfand berechnet.</p>",Fanta,Getränk,getraenke,TRUE,Title,Default Title,FANTALEMONELDERFLOWE,shopify,3,deny,manual,2.05,2.20,TRUE,TRUE,active,Getränke
highpuffs-mango-bliss-vape,HighPuffs Mango Bliss Vape,"<p>HighPuffs Mango Bliss Vape – wie am Automaten in Aue &amp; Zwickau, online günstiger.</p><p>Abgabe nur ab 18 Jahren. Verkauf nur im rechtlich zulässigen Rahmen; Produktangaben siehe Verpackung.</p>",HighPuffs,Cannabinoid-Produkt,"onlygrams, age_restricted",TRUE,Title,Default Title,HIGHPUFFSMANGOBLISSV,shopify,3,deny,manual,23.15,24.90,TRUE,TRUE,active,Onlygrams & H3BTA
elfbar-800-strawberry-apricot,Elfbar 800 Strawberry Apricot,"<p>Elfbar 800 Strawberry Apricot – wie am Automaten in Aue &amp; Zwickau, online günstiger.</p><p>TPD2-konform. Dieses Produkt kann Nikotin enthalten: einen Stoff, der abhängig macht. Abgabe nur ab 18 Jahren. Batteriehinweise siehe Batteriegesetz-Seite.</p>",Elf Bar,Vape,"vape, nikotin, age_restricted",TRUE,Title,Default Title,ELFBAR800STRAWBERRYA,shopify,3,deny,manual,10.20,10.95,TRUE,TRUE,active,Vapes & Liquids
randm-cola-ice-liquid,RandM Cola Ice Liquid,"<p>RandM Cola Ice Liquid – wie am Automaten in Aue &amp; Zwickau, online günstiger.</p><p>TPD2-konform. Dieses Produkt kann Nikotin enthalten: einen Stoff, der abhängig macht. Abgabe nur ab 18 Jahren. Batteriehinweise siehe Batteriegesetz-Seite.</p>",RandM / Fumot,Vape,"vape, nikotin, age_restricted",TRUE,Title,Default Title,RANDMCOLAICELIQUID,shopify,3,deny,manual,11.10,11.95,TRUE,TRUE,active,Vapes & Liquids
massiv-zahnstocher-nightkiller,Massiv Zahnstocher Nightkiller,"<p>Massiv Zahnstocher Nightkiller – wie am Automaten in Aue &amp; Zwickau, online günstiger.</p><p>Trend-Artikel aus dem Kiosk-Sortiment.</p>",Massiv,Trend-Artikel,sonstiges,TRUE,Title,Default Title,MASSIVZAHNSTOCHERNIG,shopify,3,deny,manual,6.40,6.90,TRUE,TRUE,active,Sonstiges & Trend
elfliq-kiwi-passion-fruit-guava,Elfliq Kiwi Passion Fruit Guava,"<p>Elfliq Kiwi Passion Fruit Guava – wie am Automaten in Aue &amp; Zwickau, online günstiger.</p><p>TPD2-konform. Dieses Produkt kann Nikotin enthalten: einen Stoff, der abhängig macht. Abgabe nur ab 18 Jahren. Batteriehinweise siehe Batteriegesetz-Seite.</p>",Elf Bar,Vape,"vape, nikotin, age_restricted",TRUE,Title,Default Title,ELFLIQKIWIPASSIONFRU,shopify,3,deny,manual,11.10,11.95,TRUE,TRUE,active,Vapes & Liquids
buldak-huhn-extra-scharf,Buldak Huhn Extra Scharf,"<p>Buldak Huhn Extra Scharf – wie am Automaten in Aue &amp; Zwickau, online günstiger.</p><p>Der Snack für zwischendurch – direkt aus dem Kiosk-Sortiment.</p>",Samyang,Snack,snacks,TRUE,Title,Default Title,BULDAKHUHNEXTRASCHAR,shopify,3,deny,manual,2.30,2.50,TRUE,TRUE,active,Snacks & Sweets
elfliq-watermelon,ELFLIQ Watermelon,"<p>ELFLIQ Watermelon – wie am Automaten in Aue &amp; Zwickau, online günstiger.</p><p>TPD2-konform. Dieses Produkt kann Nikotin enthalten: einen Stoff, der abhängig macht. Abgabe nur ab 18 Jahren. Batteriehinweise siehe Batteriegesetz-Seite.</p>",Elf Bar,Vape,"vape, nikotin, age_restricted",TRUE,Title,Default Title,ELFLIQWATERMELON,shopify,3,deny,manual,11.10,11.95,TRUE,TRUE,active,Vapes & Liquids
flerbar-cola-ice,Flerbar Cola Ice,"<p>Flerbar Cola Ice – wie am Automaten in Aue &amp; Zwickau, online günstiger.</p><p>TPD2-konform. Dieses Produkt kann Nikotin enthalten: einen Stoff, der abhängig macht. Abgabe nur ab 18 Jahren. Batteriehinweise siehe Batteriegesetz-Seite.</p>",Flerbar,Vape,"vape, nikotin, age_restricted",TRUE,Title,Default Title,FLERBARCOLAICE,shopify,3,deny,manual,10.20,10.95,TRUE,TRUE,active,Vapes & Liquids
happy-amsterdam-mango-safari,Happy Amsterdam Mango Safari,"<p>Happy Amsterdam Mango Safari – wie am Automaten in Aue &amp; Zwickau, online günstiger.</p><p>Bekannt von unseren Automaten in Aue und Zwickau. Abgabe nur ab 18 Jahren. Verkauf nur im rechtlich zulässigen Rahmen; Produktangaben siehe Verpackung.</p>",Happy's Amsterdam,Cannabinoid-Produkt,"happys, age_restricted",TRUE,Title,Default Title,HAPPYAMSTERDAMMANGOS,shopify,3,deny,manual,27.20,29.25,TRUE,TRUE,active,Happy's Amsterdam
p-1g-h3bta-blackberry-kush-preroll,1g H3BTA Blackberry Kush Preroll,"<p>1g H3BTA Blackberry Kush Preroll – wie am Automaten in Aue &amp; Zwickau, online günstiger.</p><p>Abgabe nur ab 18 Jahren. Verkauf nur im rechtlich zulässigen Rahmen; Produktangaben siehe Verpackung.</p>",H3BTA,Cannabinoid-Produkt,"onlygrams, age_restricted",TRUE,Title,Default Title,P1GH3BTABLACKBERRYKU,shopify,3,deny,manual,13.85,14.90,TRUE,TRUE,active,Onlygrams & H3BTA
daim,Daim,"<p>Daim – wie am Automaten in Aue &amp; Zwickau, online günstiger.</p><p>Der Snack für zwischendurch – direkt aus dem Kiosk-Sortiment.</p>",Daim,Snack,snacks,TRUE,Title,Default Title,DAIM,shopify,3,deny,manual,1.50,,TRUE,TRUE,active,Snacks & Sweets
elfliq-cherry,Elfliq Cherry,"<p>Elfliq Cherry – wie am Automaten in Aue &amp; Zwickau, online günstiger.</p><p>TPD2-konform. Dieses Produkt kann Nikotin enthalten: einen Stoff, der abhängig macht. Abgabe nur ab 18 Jahren. Batteriehinweise siehe Batteriegesetz-Seite.</p>",Elf Bar,Vape,"vape, nikotin, age_restricted",TRUE,Title,Default Title,ELFLIQCHERRY,shopify,3,deny,manual,11.10,11.95,TRUE,TRUE,active,Vapes & Liquids
mentos-pure-kirsch,Mentos Pure Kirsch,"<p>Mentos Pure Kirsch – wie am Automaten in Aue &amp; Zwickau, online günstiger.</p><p>Der Snack für zwischendurch – direkt aus dem Kiosk-Sortiment.</p>",Mentos,Snack,snacks,TRUE,Title,Default Title,MENTOSPUREKIRSCH,shopify,3,deny,manual,3.25,3.50,TRUE,TRUE,active,Snacks & Sweets
jim-beam-cola-zero,Jim Beam Cola Zero,"<p>Jim Beam Cola Zero – wie am Automaten in Aue &amp; Zwickau, online günstiger.</p><p>Alkoholhaltiges Getränk – Abgabe nur ab 18 Jahren. Bitte verantwortungsvoll genießen.</p>",Jim Beam,Alkoholisches Getränk,"alkohol, age_restricted",TRUE,Title,Default Title,JIMBEAMCOLAZERO,shopify,3,deny,manual,3.65,3.90,TRUE,TRUE,active,Bier & Spirituosen
calypso-blood-orange-zero,Calypso Blood Orange Zero,"<p>Calypso Blood Orange Zero – wie am Automaten in Aue &amp; Zwickau, online günstiger.</p><p>Gut gekühlt am besten. Pfandartikel werden zzgl. Pfand berechnet.</p>",Calypso,Getränk,getraenke,TRUE,Title,Default Title,CALYPSOBLOODORANGEZE,shopify,3,deny,manual,2.30,2.50,TRUE,TRUE,active,Getränke
siberia-rot-minis,Siberia Rot Minis,"<p>Siberia Rot Minis – wie am Automaten in Aue &amp; Zwickau, online günstiger.</p><p>Rauchen fügt Ihnen und den Menschen in Ihrer Umgebung erheblichen Schaden zu. Abgabe nur ab 18 Jahren.</p>",Siberia,Tabakware,"tabak, age_restricted",TRUE,Title,Default Title,SIBERIAROTMINIS,shopify,3,deny,manual,7.35,7.90,TRUE,TRUE,active,Tabak & Drehzubehör
randm-blue-razz-cherry-pods,RandM Blue Razz Cherry Pods,"<p>RandM Blue Razz Cherry Pods – wie am Automaten in Aue &amp; Zwickau, online günstiger.</p><p>TPD2-konform. Dieses Produkt kann Nikotin enthalten: einen Stoff, der abhängig macht. Abgabe nur ab 18 Jahren. Batteriehinweise siehe Batteriegesetz-Seite.</p>",RandM / Fumot,Vape,"vape, nikotin, age_restricted",TRUE,Title,Default Title,RANDMBLUERAZZCHERRYP,shopify,3,deny,manual,11.10,11.95,TRUE,TRUE,active,Vapes & Liquids
starbucks-mocha-delight,Starbucks Mocha Delight,"<p>Starbucks Mocha Delight – wie am Automaten in Aue &amp; Zwickau, online günstiger.</p><p>Gut gekühlt am besten. Pfandartikel werden zzgl. Pfand berechnet.</p>",Starbucks,Getränk,getraenke,TRUE,Title,Default Title,STARBUCKSMOCHADELIGH,shopify,3,deny,manual,2.70,2.90,TRUE,TRUE,active,Getränke
yfood-vanille,Yfood Vanille,"<p>Yfood Vanille – wie am Automaten in Aue &amp; Zwickau, online günstiger.</p><p>Gut gekühlt am besten. Pfandartikel werden zzgl. Pfand berechnet.</p>",YFood,Getränk,getraenke,TRUE,Title,Default Title,YFOODVANILLE,shopify,3,deny,manual,4.20,4.50,TRUE,TRUE,active,Getränke
tabby-chicken-schokolade,Tabby Chicken Schokolade,"<p>Tabby Chicken Schokolade – wie am Automaten in Aue &amp; Zwickau, online günstiger.</p><p>Der Snack für zwischendurch – direkt aus dem Kiosk-Sortiment.</p>",Tabby,Snack,snacks,TRUE,Title,Default Title,TABBYCHICKENSCHOKOLA,shopify,3,deny,manual,3.65,3.90,TRUE,TRUE,active,Snacks & Sweets
elfbar-kiwi-passion-fruit-guava-pods,Elfbar Kiwi Passion Fruit Guava Pods,"<p>Elfbar Kiwi Passion Fruit Guava Pods – wie am Automaten in Aue &amp; Zwickau, online günstiger.</p><p>TPD2-konform. Dieses Produkt kann Nikotin enthalten: einen Stoff, der abhängig macht. Abgabe nur ab 18 Jahren. Batteriehinweise siehe Batteriegesetz-Seite.</p>",Elf Bar,Vape,"vape, nikotin, age_restricted",TRUE,Title,Default Title,ELFBARKIWIPASSIONFRU,shopify,3,deny,manual,11.10,11.95,TRUE,TRUE,active,Vapes & Liquids
airwaves-cool-cassis,Airwaves Cool Cassis,"<p>Airwaves Cool Cassis – wie am Automaten in Aue &amp; Zwickau, online günstiger.</p><p>Der Snack für zwischendurch – direkt aus dem Kiosk-Sortiment.</p>",Airwaves,Snack,snacks,TRUE,Title,Default Title,AIRWAVESCOOLCASSIS,shopify,3,deny,manual,3.65,3.90,TRUE,TRUE,active,Snacks & Sweets
highpuff-og-kush-vape,HighPuff OG Kush Vape,"<p>HighPuff OG Kush Vape – wie am Automaten in Aue &amp; Zwickau, online günstiger.</p><p>Abgabe nur ab 18 Jahren. Verkauf nur im rechtlich zulässigen Rahmen; Produktangaben siehe Verpackung.</p>",HighPuffs,Cannabinoid-Produkt,"onlygrams, age_restricted",TRUE,Title,Default Title,HIGHPUFFOGKUSHVAPE,shopify,3,deny,manual,23.15,24.90,TRUE,TRUE,active,Onlygrams & H3BTA
onlygrams-frozen-berries-vape,Onlygrams Frozen Berries Vape,"<p>Onlygrams Frozen Berries Vape – wie am Automaten in Aue &amp; Zwickau, online günstiger.</p><p>Abgabe nur ab 18 Jahren. Verkauf nur im rechtlich zulässigen Rahmen; Produktangaben siehe Verpackung.</p>",OnlyGrams,Cannabinoid-Produkt,"onlygrams, age_restricted",TRUE,Title,Default Title,ONLYGRAMSFROZENBERRI,shopify,3,deny,manual,27.80,29.90,TRUE,TRUE,active,Onlygrams & H3BTA
tornado-pro-pods,Tornado Pro Pods,"<p>Tornado Pro Pods – wie am Automaten in Aue &amp; Zwickau, online günstiger.</p><p>TPD2-konform. Dieses Produkt kann Nikotin enthalten: einen Stoff, der abhängig macht. Abgabe nur ab 18 Jahren. Batteriehinweise siehe Batteriegesetz-Seite.</p>",RandM / Fumot,Vape,"vape, nikotin, age_restricted",TRUE,Title,Default Title,TORNADOPROPODS,shopify,3,deny,manual,13.85,14.90,TRUE,TRUE,active,Vapes & Liquids
p-2g-green8-black-ice,2g Green8 Black Ice,"<p>2g Green8 Black Ice – wie am Automaten in Aue &amp; Zwickau, online günstiger.</p><p>Abgabe nur ab 18 Jahren. Verkauf nur im rechtlich zulässigen Rahmen; Produktangaben siehe Verpackung.</p>",Green8,Cannabinoid-Produkt,"onlygrams, age_restricted",TRUE,Title,Default Title,P2GGREEN8BLACKICE,shopify,3,deny,manual,23.15,24.90,TRUE,TRUE,active,Onlygrams & H3BTA
yumyum-duck,YumYum Duck,"<p>YumYum Duck – wie am Automaten in Aue &amp; Zwickau, online günstiger.</p><p>Der Snack für zwischendurch – direkt aus dem Kiosk-Sortiment.</p>",YumYum,Snack,snacks,TRUE,Title,Default Title,YUMYUMDUCK,shopify,3,deny,manual,1.50,,TRUE,TRUE,active,Snacks & Sweets
onlygrams-dragon-fruit-blackberry-vape,Onlygrams Dragon Fruit Blackberry Vape,"<p>Onlygrams Dragon Fruit Blackberry Vape – wie am Automaten in Aue &amp; Zwickau, online günstiger.</p><p>Abgabe nur ab 18 Jahren. Verkauf nur im rechtlich zulässigen Rahmen; Produktangaben siehe Verpackung.</p>",OnlyGrams,Cannabinoid-Produkt,"onlygrams, age_restricted",TRUE,Title,Default Title,ONLYGRAMSDRAGONFRUIT,shopify,3,deny,manual,27.80,29.90,TRUE,TRUE,active,Onlygrams & H3BTA
randm-mango-ice-liquid,RandM Mango Ice Liquid,"<p>RandM Mango Ice Liquid – wie am Automaten in Aue &amp; Zwickau, online günstiger.</p><p>TPD2-konform. Dieses Produkt kann Nikotin enthalten: einen Stoff, der abhängig macht. Abgabe nur ab 18 Jahren. Batteriehinweise siehe Batteriegesetz-Seite.</p>",RandM / Fumot,Vape,"vape, nikotin, age_restricted",TRUE,Title,Default Title,RANDMMANGOICELIQUID,shopify,3,deny,manual,11.10,11.95,TRUE,TRUE,active,Vapes & Liquids
paulberger-peach,Paulberger Peach,"<p>Paulberger Peach – wie am Automaten in Aue &amp; Zwickau, online günstiger.</p><p>Alkoholhaltiges Getränk – Abgabe nur ab 18 Jahren. Bitte verantwortungsvoll genießen.</p>",Paulberger,Alkoholisches Getränk,"alkohol, age_restricted",TRUE,Title,Default Title,PAULBERGERPEACH,shopify,3,deny,manual,2.30,2.50,TRUE,TRUE,active,Bier & Spirituosen
randm-strawberrywatermelon-liquid,RandM StrawberryWatermelon Liquid,"<p>RandM StrawberryWatermelon Liquid – wie am Automaten in Aue &amp; Zwickau, online günstiger.</p><p>TPD2-konform. Dieses Produkt kann Nikotin enthalten: einen Stoff, der abhängig macht. Abgabe nur ab 18 Jahren. Batteriehinweise siehe Batteriegesetz-Seite.</p>",RandM / Fumot,Vape,"vape, nikotin, age_restricted",TRUE,Title,Default Title,RANDMSTRAWBERRYWATER,shopify,3,deny,manual,11.10,11.95,TRUE,TRUE,active,Vapes & Liquids
massiv-sommer-in-beirut-zahnstocher,Massiv Sommer in Beirut Zahnstocher,"<p>Massiv Sommer in Beirut Zahnstocher – wie am Automaten in Aue &amp; Zwickau, online günstiger.</p><p>Trend-Artikel aus dem Kiosk-Sortiment.</p>",Massiv,Trend-Artikel,sonstiges,TRUE,Title,Default Title,MASSIVSOMMERINBEIRUT,shopify,3,deny,manual,6.40,6.90,TRUE,TRUE,active,Sonstiges & Trend
massiv-blaulicht-zahnstocher,Massiv Blaulicht Zahnstocher,"<p>Massiv Blaulicht Zahnstocher – wie am Automaten in Aue &amp; Zwickau, online günstiger.</p><p>Trend-Artikel aus dem Kiosk-Sortiment.</p>",Massiv,Trend-Artikel,sonstiges,TRUE,Title,Default Title,MASSIVBLAULICHTZAHNS,shopify,3,deny,manual,6.40,6.90,TRUE,TRUE,active,Sonstiges & Trend
mentos-pure-fresh,Mentos Pure Fresh,"<p>Mentos Pure Fresh – wie am Automaten in Aue &amp; Zwickau, online günstiger.</p><p>Der Snack für zwischendurch – direkt aus dem Kiosk-Sortiment.</p>",Mentos,Snack,snacks,TRUE,Title,Default Title,MENTOSPUREFRESH,shopify,3,deny,manual,3.25,3.50,TRUE,TRUE,active,Snacks & Sweets
skruf-ice,Skruf Ice,"<p>Skruf Ice – wie am Automaten in Aue &amp; Zwickau, online günstiger.</p><p>Rauchen fügt Ihnen und den Menschen in Ihrer Umgebung erheblichen Schaden zu. Abgabe nur ab 18 Jahren.</p>",Skruf,Tabakware,"tabak, age_restricted",TRUE,Title,Default Title,SKRUFICE,shopify,3,deny,manual,9.20,9.90,TRUE,TRUE,active,Tabak & Drehzubehör
yumyum-beef,YumYum Beef,"<p>YumYum Beef – wie am Automaten in Aue &amp; Zwickau, online günstiger.</p><p>Der Snack für zwischendurch – direkt aus dem Kiosk-Sortiment.</p>",YumYum,Snack,snacks,TRUE,Title,Default Title,YUMYUMBEEF,shopify,3,deny,manual,1.50,,TRUE,TRUE,active,Snacks & Sweets
h3bta-super-lemon-haze,H3BTA Super Lemon Haze,"<p>H3BTA Super Lemon Haze – wie am Automaten in Aue &amp; Zwickau, online günstiger.</p><p>Abgabe nur ab 18 Jahren. Verkauf nur im rechtlich zulässigen Rahmen; Produktangaben siehe Verpackung.</p>",H3BTA,Cannabinoid-Produkt,"onlygrams, age_restricted",TRUE,Title,Default Title,H3BTASUPERLEMONHAZE,shopify,3,deny,manual,23.15,24.90,TRUE,TRUE,active,Onlygrams & H3BTA
meshflash-traube-minze,MeshFlash Traube Minze,"<p>MeshFlash Traube Minze – wie am Automaten in Aue &amp; Zwickau, online günstiger.</p><p>Abgabe nur ab 18 Jahren. Verkauf nur im rechtlich zulässigen Rahmen; Produktangaben siehe Verpackung.</p>",MeshFlash,Cannabinoid-Produkt,"onlygrams, age_restricted",TRUE,Title,Default Title,MESHFLASHTRAUBEMINZE,shopify,3,deny,manual,27.80,29.90,TRUE,TRUE,active,Onlygrams & H3BTA
vodka-gorbatschow,Vodka Gorbatschow,"<p>Vodka Gorbatschow – wie am Automaten in Aue &amp; Zwickau, online günstiger.</p><p>Alkoholhaltiges Getränk – Abgabe nur ab 18 Jahren. Bitte verantwortungsvoll genießen.</p>",Vodka,Alkoholisches Getränk,"alkohol, age_restricted",TRUE,Title,Default Title,VODKAGORBATSCHOW,shopify,3,deny,manual,13.00,14.00,TRUE,TRUE,active,Bier & Spirituosen
p-4blockz-black-amnezia,4Blockz Black Amnezia,"<p>4Blockz Black Amnezia – wie am Automaten in Aue &amp; Zwickau, online günstiger.</p><p>Abgabe nur ab 18 Jahren. Verkauf nur im rechtlich zulässigen Rahmen; Produktangaben siehe Verpackung.</p>",4Blockz,Cannabinoid-Produkt,"onlygrams, age_restricted",TRUE,Title,Default Title,P4BLOCKZBLACKAMNEZIA,shopify,3,deny,manual,27.80,29.90,TRUE,TRUE,active,Onlygrams & H3BTA
p-4blockz-berry-kush,4Blockz Berry Kush,"<p>4Blockz Berry Kush – wie am Automaten in Aue &amp; Zwickau, online günstiger.</p><p>Abgabe nur ab 18 Jahren. Verkauf nur im rechtlich zulässigen Rahmen; Produktangaben siehe Verpackung.</p>",4Blockz,Cannabinoid-Produkt,"onlygrams, age_restricted",TRUE,Title,Default Title,P4BLOCKZBERRYKUSH,shopify,3,deny,manual,23.15,24.90,TRUE,TRUE,active,Onlygrams & H3BTA
extra-professional-fresh,Extra Professional Fresh,"<p>Extra Professional Fresh – wie am Automaten in Aue &amp; Zwickau, online günstiger.</p><p>Der Snack für zwischendurch – direkt aus dem Kiosk-Sortiment.</p>",Extra,Snack,snacks,TRUE,Title,Default Title,EXTRAPROFESSIONALFRE,shopify,3,deny,manual,3.65,3.90,TRUE,TRUE,active,Snacks & Sweets
randm-blueberry-pods,RandM Blueberry Pods,"<p>RandM Blueberry Pods – wie am Automaten in Aue &amp; Zwickau, online günstiger.</p><p>TPD2-konform. Dieses Produkt kann Nikotin enthalten: einen Stoff, der abhängig macht. Abgabe nur ab 18 Jahren. Batteriehinweise siehe Batteriegesetz-Seite.</p>",RandM / Fumot,Vape,"vape, nikotin, age_restricted",TRUE,Title,Default Title,RANDMBLUEBERRYPODS,shopify,3,deny,manual,11.10,11.95,TRUE,TRUE,active,Vapes & Liquids
randm-love61-pods,RandM Love61 Pods,"<p>RandM Love61 Pods – wie am Automaten in Aue &amp; Zwickau, online günstiger.</p><p>TPD2-konform. Dieses Produkt kann Nikotin enthalten: einen Stoff, der abhängig macht. Abgabe nur ab 18 Jahren. Batteriehinweise siehe Batteriegesetz-Seite.</p>",RandM / Fumot,Vape,"vape, nikotin, age_restricted",TRUE,Title,Default Title,RANDMLOVE61PODS,shopify,3,deny,manual,11.10,11.95,TRUE,TRUE,active,Vapes & Liquids
p-2g-green8-skittlez,2g Green8 Skittlez,"<p>2g Green8 Skittlez – wie am Automaten in Aue &amp; Zwickau, online günstiger.</p><p>Abgabe nur ab 18 Jahren. Verkauf nur im rechtlich zulässigen Rahmen; Produktangaben siehe Verpackung.</p>",Green8,Cannabinoid-Produkt,"onlygrams, age_restricted",TRUE,Title,Default Title,P2GGREEN8SKITTLEZ,shopify,3,deny,manual,23.15,24.90,TRUE,TRUE,active,Onlygrams & H3BTA
lyne-mangosplash,LYNE Mangosplash,"<p>LYNE Mangosplash – wie am Automaten in Aue &amp; Zwickau, online günstiger.</p><p>TPD2-konform. Dieses Produkt kann Nikotin enthalten: einen Stoff, der abhängig macht. Abgabe nur ab 18 Jahren. Batteriehinweise siehe Batteriegesetz-Seite.</p>",LYNE,Vape,"vape, nikotin, age_restricted",TRUE,Title,Default Title,LYNEMANGOSPLASH,shopify,3,deny,manual,9.20,9.90,TRUE,TRUE,active,Vapes & Liquids
extra-professional-white,Extra Professional White,"<p>Extra Professional White – wie am Automaten in Aue &amp; Zwickau, online günstiger.</p><p>Der Snack für zwischendurch – direkt aus dem Kiosk-Sortiment.</p>",Extra,Snack,snacks,TRUE,Title,Default Title,EXTRAPROFESSIONALWHI,shopify,3,deny,manual,3.65,3.90,TRUE,TRUE,active,Snacks & Sweets
hitschies-schnuere-gruen,Hitschies Schnüre Grün,"<p>Hitschies Schnüre Grün – wie am Automaten in Aue &amp; Zwickau, online günstiger.</p><p>Der Snack für zwischendurch – direkt aus dem Kiosk-Sortiment.</p>",Hitschler,Snack,snacks,TRUE,Title,Default Title,HITSCHIESSCHNUEREGRU,shopify,3,deny,manual,2.30,2.50,TRUE,TRUE,active,Snacks & Sweets
wunder-zahnstocher-icebonbon,Wunder Zahnstocher Icebonbon,"<p>Wunder Zahnstocher Icebonbon – wie am Automaten in Aue &amp; Zwickau, online günstiger.</p><p>Trend-Artikel aus dem Kiosk-Sortiment.</p>",Wunder,Trend-Artikel,sonstiges,TRUE,Title,Default Title,WUNDERZAHNSTOCHERICE,shopify,3,deny,manual,4.55,4.90,TRUE,TRUE,active,Sonstiges & Trend
elfbar-800-kiwi-passion-fruit-guava,Elfbar 800 Kiwi Passion Fruit Guava,"<p>Elfbar 800 Kiwi Passion Fruit Guava – wie am Automaten in Aue &amp; Zwickau, online günstiger.</p><p>TPD2-konform. Dieses Produkt kann Nikotin enthalten: einen Stoff, der abhängig macht. Abgabe nur ab 18 Jahren. Batteriehinweise siehe Batteriegesetz-Seite.</p>",Elf Bar,Vape,"vape, nikotin, age_restricted",TRUE,Title,Default Title,ELFBAR800KIWIPASSION,shopify,3,deny,manual,10.20,10.95,TRUE,TRUE,active,Vapes & Liquids
energy-mix-6er,Energy Mix 6er-Pack,"<p>Bundle: 6 Dosen aus unseren Energy-Bestsellern – Red Bull Original/White, Monster White/Loco/Original + Überraschung. Zzgl. Pfand.</p>",24SEVEN,Bundle,"bundle, getraenke, energy",TRUE,Title,Default Title,BNDENERGYMIX6ER,shopify,15,deny,manual,13.90,16.00,TRUE,TRUE,active,Bundles & Deals
drehset-klassiker,Drehset Klassiker – Pueblo + Gizeh (18+),<p>Bundle: Pueblo Classic + Gizeh King Size Slim + Gizeh Slim Filter – die drei meistgekauften Dreh-Artikel unserer Automaten.</p><p>Rauchen fügt Ihnen und den Menschen in Ihrer Umgebung erheblichen Schaden zu. Abgabe nur ab 18 Jahren.</p>,24SEVEN,Bundle,"bundle, tabak, age_restricted",TRUE,Title,Default Title,BNDDREHSETKLASSIKE,shopify,15,deny,manual,9.90,10.75,TRUE,TRUE,active,Bundles & Deals
h3bta-haze-trio,H3BTA Haze Trio – 3× 1 g (18+),"<p>Bundle: je 1 g Amnezia Haze, Lemon Haze und Gelato Haze – unsere drei H3BTA-Topseller.</p><p>Abgabe nur ab 18 Jahren. Verkauf nur im rechtlich zulässigen Rahmen.</p>",H3BTA,Bundle,"bundle, onlygrams, age_restricted",TRUE,Title,Default Title,BNDH3BTAHAZETRIO,shopify,15,deny,manual,34.90,38.70,TRUE,TRUE,active,Bundles & Deals
happys-amsterdam-3er-set,Happy's Amsterdam 3er-Set (18+),"<p>Bundle: 3 Sorten nach Wahl unseres Teams (z. B. Amnezia Haze, Golden Kush, Cali Exotic). Am Automaten 89,70 € – online deutlich günstiger.</p><p>Abgabe nur ab 18 Jahren. Verkauf nur im rechtlich zulässigen Rahmen.</p>",Happy's Amsterdam,Bundle,"bundle, happys, age_restricted",TRUE,Title,Default Title,BNDHAPPYSAMSTERDAM,shopify,8,deny,manual,79.90,89.70,TRUE,TRUE,active,Bundles & Deals
onlygrams-vape-duo,Onlygrams Vape Duo – 2 Sorten (18+),<p>Bundle: 2× Onlygrams Vape nach Wahl (z. B. Peach Ice – unser Umsatz-Champion – plus Frozen Berries oder Dragon Fruit Blackberry).</p><p>Abgabe nur ab 18 Jahren. Verkauf nur im rechtlich zulässigen Rahmen.</p>,OnlyGrams,Bundle,"bundle, onlygrams, age_restricted",TRUE,Title,Default Title,BNDONLYGRAMSVAPED,shopify,10,deny,manual,54.90,59.80,TRUE,TRUE,active,Bundles & Deals
elfbar-pods-trio,Elfbar Pods Trio – 3× 2er-Pack (18+),"<p>Bundle: 3× Elfbar Pods Doppelpack in 3 Sorten nach Wahl unseres Teams (6 Pods gesamt).</p><p>Dieses Produkt enthält Nikotin: einen Stoff, der sehr stark abhängig macht. Abgabe nur ab 18 Jahren. TPD2-konform.</p>",Elf Bar,Bundle,"bundle, vape, nikotin, age_restricted",TRUE,Title,Default Title,BNDELFBARPODSTRIO,shopify,15,deny,manual,31.90,35.85,TRUE,TRUE,active,Bundles & Deals
snack-attack-box,Snack Attack Box,"<p>Bundle: 2× Chips (Takis/Doritos) + 2× Candy (Trolli/Hitschies) + 2× Drink (Capri-Sonne/Durstlöscher) – die komplette Movie-Night, fertig gepackt.</p>",24SEVEN,Bundle,"bundle, snacks",TRUE,Title,Default Title,BNDSNACKATTACKBOX,shopify,25,deny,manual,12.90,15.00,TRUE,TRUE,active,Bundles & Deals
feierabend-paket,Feierabend-Paket (18+),"<p>Bundle: 2× Ur-Krostitzer 0,5 l + BiFi Roll + Erdnüsse – der sächsische Feierabend, fertig gepackt. Zzgl. Pfand.</p><p>Alkoholhaltig – Abgabe nur ab 18 Jahren.</p>",24SEVEN,Bundle,"bundle, alkohol, age_restricted",TRUE,Title,Default Title,BNDFEIERABENDPAKET,shopify,20,deny,manual,8.90,9.70,TRUE,TRUE,active,Bundles & Deals
